Client_ID,Industry,Loan_Amount_EUR,Self_Reported_Emissions_Tons,Audited_Emissions_Tons,Azure_Security_Flag,ESG_Risk_Rating,Emissions_Discrepancy_%,Predicted_Fraud_Probability_%
CLI-0001,Manufacturing,56266505.54,4581.0,4427.21,0,20.6,-3.36,0.0
CLI-0002,Agriculture,36082325.1,31494.82,32386.63,0,12.1,2.83,0.0
CLI-0003,Retail,43315795.31,49077.71,47225.02,0,13.5,-3.78,0.0
CLI-0004,Agriculture,55737465.96,10315.27,10454.43,0,21.4,1.35,0.0
CLI-0005,Agriculture,43898124.89,39837.16,50764.8,1,21.6,27.43,71.0
CLI-0006,Energy,13389647.36,45487.04,47349.41,0,28.8,4.09,4.0
CLI-0007,Retail,36695859.81,47241.38,45777.51,0,26.4,-3.1,2.0
CLI-0008,Retail,38369327.55,48046.64,49590.14,0,29.7,3.21,2.0
CLI-0009,Retail,28327186.92,26551.52,26670.02,0,15.2,0.45,1.0
CLI-0010,Agriculture,45504432.96,48888.09,46824.31,0,29.4,-4.22,3.0
CLI-0011,Manufacturing,56390185.81,38108.2,39843.83,0,18.6,4.55,3.0
CLI-0012,Retail,55906268.21,8921.9,8696.14,0,17.0,-2.53,0.0
CLI-0013,Agriculture,29796165.43,24368.11,25244.5,0,11.0,3.6,0.0
CLI-0014,Energy,11228092.52,36198.23,34999.38,0,11.1,-3.31,0.0
CLI-0015,Manufacturing,59166265.94,13119.68,13584.04,0,23.8,3.54,3.0
CLI-0016,Energy,51139394.75,32390.14,30813.48,0,19.2,-4.87,3.0
CLI-0017,Manufacturing,11856447.47,33663.42,33703.08,0,14.5,0.12,2.0
CLI-0018,Agriculture,55646303.54,8972.29,9214.04,0,22.3,2.69,3.0
CLI-0019,Logistics,52844299.91,28689.18,29936.57,0,15.1,4.35,0.0
CLI-0020,Manufacturing,33536093.14,38809.72,67743.19,1,34.7,74.55,100.0
CLI-0021,Energy,37520148.97,25445.89,26433.68,0,17.2,3.88,3.0
CLI-0022,Agriculture,26945148.71,1593.05,1545.13,0,26.5,-3.01,10.0
CLI-0023,Manufacturing,8011890.14,1442.88,1411.74,0,26.4,-2.16,7.0
CLI-0024,Logistics,23435848.29,18494.44,18104.15,0,19.5,-2.11,1.0
CLI-0025,Logistics,49156939.67,46383.51,45813.24,0,17.0,-1.23,0.0
CLI-0026,Retail,5254761.27,12205.16,12074.96,0,17.3,-1.07,1.0
CLI-0027,Retail,23342454.44,32083.82,32226.77,0,26.1,0.45,1.0
CLI-0028,Energy,26899278.15,11881.72,11477.6,0,16.6,-3.4,0.0
CLI-0029,Manufacturing,34556758.16,16761.83,17082.39,0,14.2,1.91,3.0
CLI-0030,Manufacturing,55592058.9,42554.06,41139.42,0,11.7,-3.32,0.0
CLI-0031,Retail,24049029.69,36714.21,36017.77,0,19.3,-1.9,1.0
CLI-0032,Manufacturing,24082426.1,5674.56,8523.23,1,32.6,50.2,100.0
CLI-0033,Manufacturing,45562568.65,22006.4,22533.39,0,26.8,2.39,4.0
CLI-0034,Logistics,29871986.75,2429.32,2464.67,0,14.4,1.46,3.0
CLI-0035,Retail,17353265.26,24563.62,31772.16,1,28.1,29.35,65.0
CLI-0036,Agriculture,29884173.39,33459.27,32078.9,0,26.2,-4.13,6.0
CLI-0037,Retail,12747136.12,6806.63,6723.16,0,26.5,-1.23,3.0
CLI-0038,Agriculture,14701284.26,15155.36,15024.29,0,17.7,-0.86,1.0
CLI-0039,Logistics,32410227.5,20493.99,19550.88,0,19.2,-4.6,0.0
CLI-0040,Energy,28040899.72,46057.02,45016.08,0,16.1,-2.26,2.0
CLI-0041,Manufacturing,55316524.56,49669.5,51932.69,0,28.7,4.56,1.0
CLI-0042,Logistics,24931664.45,3200.65,3345.84,0,12.4,4.54,1.0
CLI-0043,Manufacturing,36932359.27,38289.39,54041.5,1,34.1,41.14,99.0
CLI-0044,Energy,39774535.84,19214.48,18597.88,0,23.7,-3.21,0.0
CLI-0045,Energy,5720195.11,20230.45,20012.4,0,20.6,-1.08,0.0
CLI-0046,Logistics,41494555.46,37958.98,39658.71,0,10.7,4.48,0.0
CLI-0047,Energy,14791978.18,46002.9,44352.31,0,19.5,-3.59,1.0
CLI-0048,Agriculture,57858867.46,47595.5,48849.72,0,18.2,2.64,0.0
CLI-0049,Energy,13176450.03,29279.01,37044.08,1,28.0,26.52,75.0
CLI-0050,Manufacturing,27804326.8,18498.94,18279.94,0,23.1,-1.18,2.0
CLI-0051,Manufacturing,9694231.74,39589.91,40679.56,0,29.4,2.75,2.0
CLI-0052,Manufacturing,59828083.85,13299.07,13089.73,0,21.2,-1.57,4.0
CLI-0053,Manufacturing,32620725.57,28639.63,45153.28,1,31.2,57.66,99.0
CLI-0054,Agriculture,37746175.95,18570.34,17912.99,0,11.4,-3.54,0.0
CLI-0055,Retail,8689206.26,33174.92,34628.19,0,18.4,4.38,1.0
CLI-0056,Logistics,46247825.87,12779.55,13313.28,0,12.3,4.18,1.0
CLI-0057,Manufacturing,16544807.62,10388.05,17997.1,1,33.5,73.25,99.0
CLI-0058,Energy,54392985.92,45993.72,47411.56,0,28.8,3.08,9.0
CLI-0059,Manufacturing,16282680.23,5988.38,7434.11,1,31.6,24.14,99.0
CLI-0060,Energy,15487824.64,25791.94,25311.44,0,11.5,-1.86,1.0
CLI-0061,Energy,7010231.73,11821.79,11982.15,0,17.1,1.36,1.0
CLI-0062,Manufacturing,30963681.98,2907.57,2865.69,0,21.0,-1.44,3.0
CLI-0063,Agriculture,36066262.33,2764.92,2667.73,0,18.1,-3.52,6.0
CLI-0064,Energy,8613975.17,9585.87,9678.34,0,26.7,0.96,2.0
CLI-0065,Energy,47654018.92,43471.75,44838.43,0,26.3,3.14,4.0
CLI-0066,Manufacturing,29930885.91,14841.46,14666.51,0,22.2,-1.18,3.0
CLI-0067,Energy,33841464.81,47572.5,45823.11,0,17.5,-3.68,0.0
CLI-0068,Energy,29241951.08,29499.49,28604.74,0,15.1,-3.03,0.0
CLI-0069,Manufacturing,27041968.35,22394.1,30063.85,1,20.1,34.25,70.0
CLI-0070,Manufacturing,35780218.22,29424.35,46657.52,1,28.1,58.57,73.0
CLI-0071,Logistics,13538213.53,26318.22,26834.27,0,18.3,1.96,3.0
CLI-0072,Agriculture,15006047.18,38180.04,37655.07,0,23.5,-1.37,0.0
CLI-0073,Agriculture,52398209.16,14842.31,15323.2,0,23.2,3.24,4.0
CLI-0074,Energy,57036350.42,18299.47,17757.97,0,11.4,-2.96,0.0
CLI-0075,Agriculture,25532012.4,44810.62,44671.89,0,17.9,-0.31,1.0
CLI-0076,Energy,19890957.02,47376.37,48802.11,0,13.6,3.01,0.0
CLI-0077,Logistics,40419974.88,44735.35,43304.53,0,13.1,-3.2,0.0
CLI-0078,Manufacturing,27480379.41,21552.95,20712.09,0,26.5,-3.9,11.0
CLI-0079,Manufacturing,6396249.56,39237.91,40743.41,0,10.8,3.84,0.0
CLI-0080,Manufacturing,13588392.86,24340.45,23958.13,0,18.4,-1.57,3.0
CLI-0081,Agriculture,44378472.59,25379.45,25846.1,0,13.4,1.84,0.0
CLI-0082,Logistics,41240816.81,11029.33,10505.82,0,27.6,-4.75,2.0
CLI-0083,Agriculture,6490279.59,29965.38,30534.86,0,21.1,1.9,0.0
CLI-0084,Agriculture,17208468.91,10120.66,9934.54,0,14.6,-1.84,0.0
CLI-0085,Logistics,17709113.81,17246.67,16480.47,0,20.0,-4.44,0.0
CLI-0086,Logistics,41954100.9,42896.48,67171.07,1,32.0,56.59,99.0
CLI-0087,Logistics,6084079.58,11146.71,11020.54,0,29.2,-1.13,17.0
CLI-0088,Logistics,10725972.01,4486.76,4298.58,0,14.4,-4.19,0.0
CLI-0089,Manufacturing,48995384.7,4381.37,4226.78,0,27.7,-3.53,0.0
CLI-0090,Retail,14819956.41,47098.44,46146.94,0,28.7,-2.02,2.0
CLI-0091,Retail,40901035.93,25839.1,24779.08,0,28.3,-4.1,14.0
CLI-0092,Logistics,18100052.96,21061.19,21926.44,0,22.7,4.11,1.0
CLI-0093,Retail,10469276.6,40733.05,38721.03,0,22.6,-4.94,1.0
CLI-0094,Retail,18374470.5,41955.47,62526.91,1,24.3,49.03,71.0
CLI-0095,Logistics,44724681.25,17277.36,16945.08,0,25.0,-1.92,2.0
CLI-0096,Retail,52063305.75,34987.28,36477.95,0,20.6,4.26,4.0
CLI-0097,Agriculture,50662092.55,38785.02,37472.9,0,23.5,-3.38,0.0
CLI-0098,Energy,26845094.13,33077.88,34618.75,0,18.6,4.66,2.0
CLI-0099,Energy,41744682.51,8428.16,8180.2,0,24.6,-2.94,1.0
CLI-0100,Logistics,16274136.25,43918.27,44979.19,0,26.5,2.42,3.0
CLI-0101,Manufacturing,21123125.16,27415.63,27543.6,0,12.9,0.47,2.0
CLI-0102,Logistics,54298470.02,14841.15,15411.76,0,26.7,3.84,4.0
CLI-0103,Manufacturing,5715105.79,21836.18,21954.08,0,20.8,0.54,0.0
CLI-0104,Energy,9702969.2,2840.98,2850.8,0,26.9,0.35,0.0
CLI-0105,Logistics,16433744.03,7265.47,7044.21,0,18.6,-3.05,0.0
CLI-0106,Agriculture,6459271.21,38511.79,37226.38,0,17.6,-3.34,0.0
CLI-0107,Retail,14978948.93,1000.57,1042.24,0,28.3,4.16,11.0
CLI-0108,Manufacturing,37067285.85,21411.73,21043.1,0,15.0,-1.72,1.0
CLI-0109,Retail,28178350.28,26603.0,26262.7,0,26.9,-1.28,7.0
CLI-0110,Retail,54096944.11,3677.09,3772.63,0,19.7,2.6,0.0
CLI-0111,Logistics,49959395.9,48680.83,68313.52,1,34.8,40.33,96.0
CLI-0112,Retail,23799954.34,12080.14,12367.56,0,16.2,2.38,0.0
CLI-0113,Agriculture,19268288.84,15905.74,16060.71,0,21.5,0.97,1.0
CLI-0114,Retail,25883082.45,15893.18,16498.54,0,16.5,3.81,4.0
CLI-0115,Logistics,37466221.84,12290.42,11736.87,0,10.8,-4.5,0.0
CLI-0116,Agriculture,19743500.25,1072.22,1452.04,1,25.1,35.42,69.0
CLI-0117,Energy,39328189.93,36737.89,49088.7,1,22.6,33.62,62.0
CLI-0118,Retail,27517640.87,48375.43,50403.37,0,29.6,4.19,20.0
CLI-0119,Logistics,35362594.95,11990.38,11898.98,0,29.3,-0.76,7.0
CLI-0120,Energy,28986959.1,33489.31,32960.62,0,17.9,-1.58,1.0
CLI-0121,Energy,21195616.77,37352.92,66373.54,1,34.0,77.69,97.0
CLI-0122,Manufacturing,57164931.88,42572.84,42526.22,0,16.9,-0.11,0.0
CLI-0123,Agriculture,46998318.68,21708.83,21386.78,0,23.4,-1.48,0.0
CLI-0124,Retail,12706224.67,15843.61,16492.48,0,26.1,4.1,7.0
CLI-0125,Logistics,52765738.67,16939.46,17056.27,0,28.9,0.69,5.0
CLI-0126,Manufacturing,31808715.9,35918.45,36860.14,0,18.0,2.62,3.0
CLI-0127,Agriculture,54200372.48,41022.19,42301.29,0,25.7,3.12,3.0
CLI-0128,Manufacturing,48992039.08,9899.08,9742.53,0,15.3,-1.58,0.0
CLI-0129,Agriculture,28386742.75,19176.11,19048.96,0,29.8,-0.66,8.0
CLI-0130,Agriculture,6235811.96,45195.07,46769.99,0,10.5,3.48,1.0
CLI-0131,Retail,19777254.77,40527.98,39973.78,0,22.1,-1.37,1.0
CLI-0132,Agriculture,34789881.81,49258.06,50705.93,0,23.2,2.94,1.0
CLI-0133,Manufacturing,39841302.09,37958.16,39632.09,0,23.8,4.41,8.0
CLI-0134,Agriculture,19183822.7,20266.56,20516.27,0,12.4,1.23,0.0
CLI-0135,Retail,12664584.07,29941.25,30664.71,0,28.8,2.42,23.0
CLI-0136,Retail,50921163.02,33389.7,34408.41,0,13.6,3.05,1.0
CLI-0137,Manufacturing,59142119.94,4844.33,5011.48,0,22.5,3.45,0.0
CLI-0138,Energy,33912960.03,27680.35,27389.85,0,14.5,-1.05,0.0
CLI-0139,Energy,14442360.72,35756.72,34152.19,0,16.1,-4.49,1.0
CLI-0140,Agriculture,19976902.96,9198.74,9108.48,0,20.9,-0.98,0.0
CLI-0141,Logistics,6011487.21,39250.95,39932.96,0,18.3,1.74,0.0
CLI-0142,Agriculture,55286434.36,29604.87,29457.88,0,13.2,-0.5,0.0
CLI-0143,Manufacturing,11476309.56,47658.87,48845.4,0,13.4,2.49,0.0
CLI-0144,Manufacturing,36708406.15,3078.69,3034.66,0,18.4,-1.43,6.0
CLI-0145,Manufacturing,20073037.14,14000.98,14189.64,0,25.1,1.35,3.0
CLI-0146,Manufacturing,35479790.14,30476.14,29520.47,0,28.0,-3.14,21.0
CLI-0147,Manufacturing,40828121.36,15531.44,15918.75,0,11.7,2.49,0.0
CLI-0148,Retail,50635799.2,36006.78,36171.32,0,17.9,0.46,0.0
CLI-0149,Energy,16353169.95,38191.26,37061.04,0,12.0,-2.96,0.0
CLI-0150,Manufacturing,5604770.58,6023.28,5897.94,0,10.3,-2.08,2.0
CLI-0151,Logistics,12528709.65,26178.87,26829.7,0,23.2,2.49,4.0
CLI-0152,Logistics,54501025.3,25935.64,25890.52,0,22.0,-0.17,6.0
CLI-0153,Logistics,53063954.27,19094.76,18552.53,0,13.3,-2.84,0.0
CLI-0154,Logistics,37857720.62,46713.32,48896.1,0,14.7,4.67,0.0
CLI-0155,Retail,38028427.32,41547.81,42441.61,0,10.5,2.15,0.0
CLI-0156,Logistics,41577017.1,35163.26,36770.7,0,26.7,4.57,10.0
CLI-0157,Manufacturing,14645420.32,36002.01,35739.57,0,29.5,-0.73,2.0
CLI-0158,Agriculture,55292657.03,23624.09,23565.27,0,12.7,-0.25,0.0
CLI-0159,Logistics,28032378.87,46128.73,80207.4,1,24.9,73.88,65.0
CLI-0160,Retail,26072619.05,35035.18,56910.0,1,34.9,62.44,97.0
CLI-0161,Retail,33540473.79,36720.07,36524.45,0,28.5,-0.53,11.0
CLI-0162,Logistics,7583128.17,43222.85,41595.29,0,18.4,-3.77,0.0
CLI-0163,Agriculture,14145585.28,14429.51,14005.25,0,11.0,-2.94,1.0
CLI-0164,Logistics,45591848.9,40546.47,38522.97,0,10.8,-4.99,0.0
CLI-0165,Retail,9553926.74,10566.79,10079.94,0,21.5,-4.61,1.0
CLI-0166,Energy,38173366.02,17921.76,18777.14,0,17.9,4.77,5.0
CLI-0167,Manufacturing,18494201.03,17444.91,16995.45,0,10.6,-2.58,0.0
CLI-0168,Retail,26411258.77,48947.75,49747.12,0,21.7,1.63,4.0
CLI-0169,Logistics,20878155.52,42970.32,44427.44,0,10.2,3.39,0.0
CLI-0170,Manufacturing,24561999.41,35357.32,35536.44,0,25.7,0.51,7.0
CLI-0171,Logistics,44547524.79,36625.78,35355.39,0,16.1,-3.47,0.0
CLI-0172,Logistics,21341694.36,28541.57,29192.65,0,10.8,2.28,2.0
CLI-0173,Energy,36152255.22,47407.44,47882.71,0,21.8,1.0,0.0
CLI-0174,Manufacturing,31182772.12,25316.68,25902.13,0,18.0,2.31,2.0
CLI-0175,Manufacturing,41501914.09,19645.37,20175.3,0,29.5,2.7,1.0
CLI-0176,Energy,56525635.66,8988.73,9416.06,0,20.9,4.75,0.0
CLI-0177,Retail,45291465.35,39524.08,39814.83,0,15.5,0.74,0.0
CLI-0178,Logistics,16821720.82,36987.75,36402.02,0,24.2,-1.58,14.0
CLI-0179,Agriculture,6715072.43,19833.4,20127.86,0,15.4,1.48,0.0
CLI-0180,Logistics,19424522.44,2234.48,2773.13,1,42.1,24.11,99.0
CLI-0181,Logistics,37729286.19,42110.87,40508.05,0,17.5,-3.81,4.0
CLI-0182,Retail,7828419.74,1559.48,1532.63,0,21.0,-1.72,2.0
CLI-0183,Logistics,32300143.6,35481.29,59943.77,1,22.0,68.94,69.0
CLI-0184,Energy,37826356.69,48542.6,48026.28,0,18.5,-1.06,0.0
CLI-0185,Energy,23383413.99,22445.41,22385.79,0,26.6,-0.27,9.0
CLI-0186,Manufacturing,47400171.21,12513.7,12957.37,0,26.1,3.55,5.0
CLI-0187,Agriculture,10862903.92,35538.68,34970.08,0,14.5,-1.6,0.0
CLI-0188,Logistics,9132578.0,41039.28,42556.3,0,14.5,3.7,0.0
CLI-0189,Logistics,45050381.59,27775.09,26631.13,0,26.3,-4.12,0.0
CLI-0190,Retail,32252022.39,48384.73,49724.01,0,28.6,2.77,1.0
CLI-0191,Energy,42862131.8,3531.77,3654.52,0,11.9,3.48,5.0
CLI-0192,Agriculture,28915503.62,25734.98,24916.14,0,19.0,-3.18,7.0
CLI-0193,Manufacturing,18552111.83,36204.24,35952.06,0,16.7,-0.7,0.0
CLI-0194,Energy,50050627.47,43269.38,41822.02,0,27.4,-3.34,7.0
CLI-0195,Manufacturing,48967873.34,9783.52,9985.65,0,11.7,2.07,0.0
CLI-0196,Retail,43208305.9,40200.17,40342.27,0,14.2,0.35,3.0
CLI-0197,Retail,19967982.55,28082.65,28462.67,0,25.0,1.35,6.0
CLI-0198,Logistics,37462686.68,20431.13,19811.02,0,11.0,-3.04,0.0
CLI-0199,Agriculture,24853564.33,7454.04,7239.17,0,19.9,-2.88,0.0
CLI-0200,Manufacturing,10037014.03,43399.49,41409.61,0,18.8,-4.59,0.0
CLI-0201,Energy,55452246.65,8706.39,12130.1,1,27.3,39.32,69.0
CLI-0202,Retail,12525024.7,16179.61,16758.73,0,17.9,3.58,0.0
CLI-0203,Logistics,57263054.46,15212.23,15466.16,0,20.6,1.67,0.0
CLI-0204,Logistics,29530317.51,43699.29,43416.98,0,13.2,-0.65,0.0
CLI-0205,Manufacturing,15182311.09,33962.45,35501.36,0,21.4,4.53,0.0
CLI-0206,Retail,34804552.11,40037.39,40915.19,0,26.1,2.19,4.0
CLI-0207,Agriculture,53012020.97,13272.93,23335.13,1,35.5,75.81,97.0
CLI-0208,Retail,45272368.75,31618.83,30856.51,0,13.1,-2.41,3.0
CLI-0209,Manufacturing,49360863.13,29015.55,27718.05,0,13.0,-4.47,0.0
CLI-0210,Manufacturing,41233085.17,41808.69,42753.92,0,15.4,2.26,0.0
CLI-0211,Retail,43075211.05,45398.27,43679.05,0,17.2,-3.79,4.0
CLI-0212,Manufacturing,51705760.84,1595.68,1564.21,0,18.2,-1.97,2.0
CLI-0213,Retail,18731740.49,34026.98,34137.47,0,23.6,0.32,1.0
CLI-0214,Energy,31918373.0,3539.95,3562.75,0,11.1,0.64,2.0
CLI-0215,Retail,17166519.3,27894.07,28174.64,0,10.7,1.01,1.0
CLI-0216,Retail,59321740.44,15094.0,14590.25,0,17.8,-3.34,1.0
CLI-0217,Manufacturing,56923263.68,16032.05,22891.24,1,35.1,42.78,98.0
CLI-0218,Manufacturing,7168474.63,18294.97,19154.5,0,13.9,4.7,0.0
CLI-0219,Logistics,43806634.49,31443.33,32159.08,0,22.8,2.28,4.0
CLI-0220,Logistics,55888657.46,17368.45,18102.45,0,15.2,4.23,0.0
CLI-0221,Energy,14931643.98,36902.25,37869.87,0,27.7,2.62,3.0
CLI-0222,Logistics,36236987.68,20821.84,32378.59,1,34.8,55.5,98.0
CLI-0223,Retail,55351856.37,4349.31,4421.81,0,15.9,1.67,2.0
CLI-0224,Manufacturing,6867028.82,39404.23,39890.4,0,14.6,1.23,0.0
CLI-0225,Logistics,43358114.7,15002.16,23425.6,1,28.1,56.15,68.0
CLI-0226,Logistics,21354195.41,22205.58,22269.21,0,14.8,0.29,6.0
CLI-0227,Energy,55841790.75,34586.75,48444.47,1,33.6,40.07,98.0
CLI-0228,Energy,58408203.48,17290.35,16767.41,0,26.5,-3.02,1.0
CLI-0229,Retail,56934656.9,3772.7,3887.83,0,23.5,3.05,1.0
CLI-0230,Manufacturing,31081781.92,19322.13,18714.98,0,26.5,-3.14,6.0
CLI-0231,Energy,52412345.8,47277.98,45315.78,0,17.9,-4.15,0.0
CLI-0232,Logistics,51450216.92,32444.99,47426.39,1,24.7,46.17,69.0
CLI-0233,Manufacturing,22550526.03,33902.48,33691.32,0,24.8,-0.62,9.0
CLI-0234,Manufacturing,50590351.08,31981.83,31267.85,0,17.2,-2.23,2.0
CLI-0235,Logistics,7035419.91,10750.61,10813.15,0,23.4,0.58,4.0
CLI-0236,Energy,37794843.32,21498.36,21169.44,0,15.4,-1.53,1.0
CLI-0237,Logistics,17650486.05,37796.05,39432.12,0,11.6,4.33,0.0
CLI-0238,Manufacturing,11631178.72,5967.27,10464.13,1,39.9,75.36,97.0
CLI-0239,Agriculture,9232426.09,14614.79,14363.25,0,13.1,-1.72,1.0
CLI-0240,Agriculture,43295882.67,14539.64,14884.42,0,29.8,2.37,14.0
CLI-0241,Retail,23693123.01,22168.93,21141.87,0,29.5,-4.63,13.0
CLI-0242,Logistics,44862172.43,49038.07,48914.34,0,25.9,-0.25,3.0
CLI-0243,Logistics,8594598.74,4307.62,4237.11,0,23.2,-1.64,0.0
CLI-0244,Retail,22340968.58,26416.35,27527.25,0,21.6,4.21,3.0
CLI-0245,Retail,34672021.08,9788.87,11817.14,1,37.9,20.72,98.0
CLI-0246,Retail,48489774.07,48563.15,49731.89,0,15.8,2.41,0.0
CLI-0247,Manufacturing,22531387.66,6551.87,6542.05,0,19.4,-0.15,3.0
CLI-0248,Logistics,39424025.7,20776.45,19915.06,0,22.4,-4.15,4.0
CLI-0249,Manufacturing,53728776.15,37156.36,66267.51,1,28.4,78.35,66.0
CLI-0250,Retail,38872475.35,35523.17,35928.8,0,18.5,1.14,1.0
CLI-0251,Logistics,17812771.11,21713.7,21141.78,0,16.6,-2.63,0.0
CLI-0252,Manufacturing,6342042.99,17979.68,17950.01,0,21.3,-0.17,2.0
CLI-0253,Manufacturing,52855438.06,20483.01,20337.89,0,27.0,-0.71,0.0
CLI-0254,Retail,6169817.6,13949.54,13356.54,0,14.0,-4.25,1.0
CLI-0255,Logistics,53108592.0,11061.31,10625.67,0,28.7,-3.94,2.0
CLI-0256,Retail,34091542.37,24668.95,25501.46,0,23.8,3.37,2.0
CLI-0257,Logistics,56648723.42,14158.15,13789.78,0,26.5,-2.6,3.0
CLI-0258,Agriculture,48933077.97,15085.62,19867.38,1,31.2,31.7,97.0
CLI-0259,Energy,59886376.08,33181.05,34072.78,0,25.6,2.69,17.0
CLI-0260,Energy,24289149.85,48458.33,46335.6,0,10.3,-4.38,0.0
CLI-0261,Energy,47195355.89,30578.22,30813.08,0,26.4,0.77,3.0
CLI-0262,Retail,27106200.25,4771.99,4590.28,0,10.8,-3.81,0.0
CLI-0263,Agriculture,31393159.12,4703.6,4485.57,0,27.8,-4.64,2.0
CLI-0264,Logistics,39512800.48,47619.74,45489.92,0,29.8,-4.47,3.0
CLI-0265,Manufacturing,53052241.28,15567.25,16087.45,0,15.9,3.34,0.0
CLI-0266,Logistics,59124590.81,5511.28,5300.73,0,14.2,-3.82,0.0
CLI-0267,Manufacturing,47255037.76,30353.18,28972.57,0,25.3,-4.55,3.0
CLI-0268,Logistics,27977173.02,31558.79,31362.81,0,15.1,-0.62,1.0
CLI-0269,Agriculture,28174635.13,32776.74,33904.24,0,27.3,3.44,16.0
CLI-0270,Manufacturing,45567026.59,14102.7,13767.63,0,12.1,-2.38,0.0
CLI-0271,Retail,18132743.02,1740.42,1726.79,0,12.5,-0.78,0.0
CLI-0272,Logistics,11076076.22,48285.75,46064.23,0,29.6,-4.6,4.0
CLI-0273,Logistics,24504218.67,13293.76,13226.07,0,23.5,-0.51,0.0
CLI-0274,Manufacturing,20798144.54,34125.29,34390.15,0,26.9,0.78,2.0
CLI-0275,Retail,21296946.63,35624.86,35877.47,0,16.5,0.71,4.0
CLI-0276,Retail,17848426.31,30890.36,30372.72,0,23.5,-1.68,0.0
CLI-0277,Agriculture,7315125.43,16332.46,16031.18,0,21.9,-1.84,0.0
CLI-0278,Retail,5983066.41,14283.72,18054.25,1,30.7,26.4,88.0
CLI-0279,Retail,59324731.44,30285.75,38150.86,1,36.3,25.97,100.0
CLI-0280,Retail,28527522.36,43438.69,77310.64,1,36.2,77.98,100.0
CLI-0281,Energy,26137965.59,47389.95,49120.02,0,18.6,3.65,0.0
CLI-0282,Agriculture,42380600.55,6189.38,6251.76,0,15.5,1.01,0.0
CLI-0283,Logistics,17003963.83,8586.6,13914.75,1,33.2,62.05,98.0
CLI-0284,Manufacturing,57247865.12,47292.08,47910.52,0,14.5,1.31,0.0
CLI-0285,Logistics,48248975.79,37090.23,36925.73,0,23.8,-0.44,1.0
CLI-0286,Agriculture,9917605.13,44266.7,44187.1,0,14.7,-0.18,0.0
CLI-0287,Manufacturing,27966942.67,10929.0,11210.72,0,22.5,2.58,0.0
CLI-0288,Agriculture,53351506.92,29791.71,40789.35,1,33.1,36.92,100.0
CLI-0289,Retail,56960261.23,35355.84,36857.2,0,14.4,4.25,4.0
CLI-0290,Manufacturing,30707083.12,34325.48,32802.2,0,11.2,-4.44,2.0
CLI-0291,Retail,38737626.41,20999.43,20969.26,0,12.6,-0.14,0.0
CLI-0292,Logistics,14186867.04,1754.35,1826.77,0,22.1,4.13,3.0
CLI-0293,Logistics,59514274.44,29563.38,29889.65,0,27.0,1.1,7.0
CLI-0294,Manufacturing,17741943.58,13401.98,13464.17,0,10.9,0.46,0.0
CLI-0295,Manufacturing,56850247.58,23062.46,22485.31,0,24.7,-2.5,4.0
CLI-0296,Agriculture,40730565.69,47921.47,67375.92,1,30.3,40.6,93.0
CLI-0297,Agriculture,38425523.72,20552.73,20674.44,0,19.6,0.59,0.0
CLI-0298,Retail,33197868.11,42150.28,42212.42,0,28.6,0.15,4.0
CLI-0299,Manufacturing,17686839.64,10238.49,9828.52,0,16.6,-4.0,0.0
CLI-0300,Logistics,14709041.76,33950.56,32307.45,0,19.3,-4.84,0.0
CLI-0301,Agriculture,17126741.5,48873.34,51139.52,0,10.3,4.64,0.0
CLI-0302,Agriculture,15254104.42,5992.76,5919.04,0,11.6,-1.23,0.0
CLI-0303,Logistics,47877146.05,1407.68,1422.21,0,15.2,1.03,4.0
CLI-0304,Agriculture,24256889.25,22245.56,21310.61,0,10.6,-4.2,7.0
CLI-0305,Retail,8181347.21,5538.65,8916.5,1,37.0,60.99,97.0
CLI-0306,Manufacturing,58300644.66,37670.83,37955.87,0,18.5,0.76,4.0
CLI-0307,Logistics,53608223.67,45812.88,44100.01,0,21.0,-3.74,3.0
CLI-0308,Manufacturing,56026375.58,22267.03,22449.0,0,13.5,0.82,0.0
CLI-0309,Agriculture,59719930.25,13676.87,14041.15,0,15.9,2.66,0.0
CLI-0310,Agriculture,14564238.71,22285.76,22077.2,0,23.3,-0.94,5.0
CLI-0311,Logistics,26793311.04,36448.94,62980.22,1,40.8,72.79,97.0
CLI-0312,Retail,46703116.16,1443.65,2511.3,1,22.2,73.95,62.0
CLI-0313,Energy,43281133.99,29883.25,28781.42,0,27.8,-3.69,7.0
CLI-0314,Logistics,13464274.85,31051.29,43031.34,1,28.6,38.58,71.0
CLI-0315,Energy,49870821.87,32246.72,33565.05,0,21.3,4.09,4.0
CLI-0316,Energy,17344231.45,12859.08,13193.93,0,20.0,2.6,0.0
CLI-0317,Retail,17309968.82,35988.58,36623.41,0,11.4,1.76,0.0
CLI-0318,Energy,34533593.26,5478.18,7563.06,1,18.6,38.06,60.0
CLI-0319,Energy,37611696.42,10764.25,11040.3,0,22.0,2.56,1.0
CLI-0320,Retail,36904741.43,43996.03,43882.34,0,16.8,-0.26,3.0
CLI-0321,Energy,10031776.06,37197.43,36177.44,0,28.3,-2.74,9.0
CLI-0322,Energy,53260347.44,1673.53,1693.05,0,18.1,1.17,1.0
CLI-0323,Energy,19608002.34,13170.44,12565.04,0,12.9,-4.6,0.0
CLI-0324,Logistics,12123320.67,11505.92,16058.84,1,34.0,39.57,99.0
CLI-0325,Logistics,53881144.39,14269.51,13767.16,0,15.9,-3.52,0.0
CLI-0326,Logistics,57560832.4,13130.43,13766.8,0,20.5,4.85,0.0
CLI-0327,Retail,52417018.95,4063.79,5386.38,1,30.3,32.55,87.0
CLI-0328,Agriculture,49523384.11,23488.09,22791.75,0,28.0,-2.96,8.0
CLI-0329,Energy,41038308.94,36903.94,61313.56,1,35.1,66.14,100.0
CLI-0330,Energy,35297155.38,30729.85,30930.87,0,23.5,0.65,0.0
CLI-0331,Retail,9784271.8,33970.71,32343.54,0,23.6,-4.79,3.0
CLI-0332,Energy,27464926.72,4976.31,4744.63,0,28.9,-4.66,10.0
CLI-0333,Logistics,25497868.44,47623.04,69886.59,1,29.1,46.75,68.0
CLI-0334,Agriculture,19286458.11,42086.1,43707.42,0,10.0,3.85,1.0
CLI-0335,Manufacturing,44788106.25,40449.43,38777.68,0,15.4,-4.13,0.0
CLI-0336,Energy,32273165.43,41326.21,41484.75,0,14.4,0.38,0.0
CLI-0337,Logistics,9457541.87,46702.81,48632.71,0,23.2,4.13,0.0
CLI-0338,Manufacturing,17110076.11,27668.44,27358.48,0,22.7,-1.12,0.0
CLI-0339,Agriculture,42579232.0,10813.82,11170.21,0,21.9,3.3,2.0
CLI-0340,Manufacturing,9187197.27,31222.4,39971.46,1,24.7,28.02,62.0
CLI-0341,Logistics,51816380.27,37401.19,38341.54,0,24.6,2.51,6.0
CLI-0342,Manufacturing,32233058.99,37157.95,38797.86,0,16.5,4.41,1.0
CLI-0343,Retail,31432261.75,26551.0,27019.94,0,23.3,1.77,1.0
CLI-0344,Manufacturing,37582428.16,4354.48,6174.84,1,35.5,41.8,100.0
CLI-0345,Energy,50357453.13,19184.53,18753.97,0,16.9,-2.24,0.0
CLI-0346,Energy,24129506.43,46117.56,45343.58,0,12.7,-1.68,4.0
CLI-0347,Retail,42290888.39,29638.0,30233.16,0,11.9,2.01,0.0
CLI-0348,Logistics,36115258.02,27378.27,28104.66,0,26.6,2.65,5.0
CLI-0349,Energy,19686554.86,14173.82,14782.45,0,28.4,4.29,2.0
CLI-0350,Agriculture,53324649.25,19054.0,18491.53,0,23.0,-2.95,1.0
CLI-0351,Energy,48858431.19,44871.96,46209.14,0,12.1,2.98,0.0
CLI-0352,Energy,41214850.91,33656.69,34459.56,0,18.0,2.39,2.0
CLI-0353,Logistics,51781995.1,39581.96,37855.37,0,24.6,-4.36,6.0
CLI-0354,Manufacturing,52701181.05,23262.93,23000.58,0,25.6,-1.13,1.0
CLI-0355,Energy,43959963.72,31882.11,31189.52,0,12.4,-2.17,0.0
CLI-0356,Retail,51035733.06,13170.8,12913.3,0,10.0,-1.96,0.0
CLI-0357,Manufacturing,43360930.39,35567.58,37285.31,0,24.2,4.83,8.0
CLI-0358,Agriculture,42407742.45,21952.47,22265.9,0,17.1,1.43,0.0
CLI-0359,Logistics,39023625.8,22684.73,23178.52,0,15.1,2.18,0.0
CLI-0360,Agriculture,46399415.18,32816.79,34380.9,0,10.3,4.77,1.0
CLI-0361,Manufacturing,13723280.79,46877.75,46302.1,0,20.8,-1.23,0.0
CLI-0362,Manufacturing,53447891.76,4136.31,4261.16,0,27.0,3.02,6.0
CLI-0363,Manufacturing,52951394.03,41412.42,41141.3,0,29.2,-0.65,3.0
CLI-0364,Agriculture,6608600.57,15326.77,15893.15,0,21.3,3.7,0.0
CLI-0365,Manufacturing,50419921.28,22752.05,22025.48,0,20.3,-3.19,2.0
CLI-0366,Agriculture,12087842.71,2073.75,2166.59,0,11.7,4.48,2.0
CLI-0367,Manufacturing,23431536.98,15751.26,15308.29,0,21.0,-2.81,1.0
CLI-0368,Retail,45892954.1,25628.93,25183.55,0,17.6,-1.74,2.0
CLI-0369,Manufacturing,13841794.28,3752.63,3848.77,0,22.1,2.56,0.0
CLI-0370,Agriculture,49988186.33,25063.69,35997.8,1,28.9,43.63,75.0
CLI-0371,Energy,50767379.79,46428.42,46171.08,0,14.8,-0.55,1.0
CLI-0372,Manufacturing,32910725.36,6164.27,6313.67,0,11.9,2.42,1.0
CLI-0373,Energy,5351222.94,38457.6,37412.83,0,16.3,-2.72,2.0
CLI-0374,Retail,20787097.32,21073.88,20143.38,0,11.9,-4.42,0.0
CLI-0375,Logistics,38930980.51,33103.51,32441.21,0,13.5,-2.0,0.0
CLI-0376,Retail,58965239.79,13751.59,13716.26,0,29.7,-0.26,5.0
CLI-0377,Manufacturing,39749743.99,8815.12,8522.48,0,18.9,-3.32,5.0
CLI-0378,Energy,19289196.96,8862.67,12521.87,1,29.6,41.29,69.0
CLI-0379,Energy,39870313.67,4454.11,4256.97,0,27.5,-4.43,1.0
CLI-0380,Agriculture,34699195.88,10096.69,10180.8,0,29.9,0.83,21.0
CLI-0381,Energy,47891496.73,33546.75,34836.1,0,21.7,3.84,6.0
CLI-0382,Agriculture,10883935.14,44202.84,42663.44,0,26.2,-3.48,0.0
CLI-0383,Logistics,46856534.64,40892.16,41292.12,0,16.5,0.98,0.0
CLI-0384,Manufacturing,34769661.83,34571.58,35141.11,0,16.1,1.65,3.0
CLI-0385,Agriculture,57964560.21,6411.16,6359.44,0,18.1,-0.81,2.0
CLI-0386,Logistics,23802969.13,15170.18,15475.25,0,23.5,2.01,1.0
CLI-0387,Energy,39794204.12,16180.54,16036.1,0,23.6,-0.89,0.0
CLI-0388,Energy,56261545.8,13247.89,13254.03,0,16.3,0.05,0.0
CLI-0389,Logistics,10638035.04,26235.28,24942.81,0,12.7,-4.93,0.0
CLI-0390,Energy,56547566.8,27242.14,43996.93,1,34.3,61.5,97.0
CLI-0391,Logistics,42833714.73,18487.41,22610.85,1,21.2,22.3,62.0
CLI-0392,Agriculture,8731038.25,18335.67,19214.01,0,21.6,4.79,1.0
CLI-0393,Agriculture,21552996.18,41599.22,41269.49,0,23.9,-0.79,7.0
CLI-0394,Logistics,43949464.88,39675.35,39683.07,0,24.0,0.02,11.0
CLI-0395,Agriculture,8704283.08,16082.0,16741.25,0,25.1,4.1,5.0
CLI-0396,Agriculture,37019375.31,45775.63,74630.62,1,38.3,63.04,96.0
CLI-0397,Agriculture,24023568.13,47687.94,49108.11,0,20.0,2.98,2.0
CLI-0398,Retail,39150353.48,17010.38,17630.18,0,24.6,3.64,1.0
CLI-0399,Manufacturing,7515811.86,18366.82,18287.64,0,22.4,-0.43,0.0
CLI-0400,Energy,52934524.34,25776.07,25711.91,0,13.7,-0.25,2.0
CLI-0401,Retail,58541893.3,47114.92,46578.05,0,10.5,-1.14,1.0
CLI-0402,Agriculture,58288282.04,43939.65,78213.62,1,27.7,78.0,63.0
CLI-0403,Logistics,46230850.75,6025.83,5774.69,0,18.9,-4.17,7.0
CLI-0404,Agriculture,12154743.21,20243.81,20978.58,0,22.3,3.63,4.0
CLI-0405,Manufacturing,46704475.78,28115.19,41844.85,1,32.7,48.83,100.0
CLI-0406,Agriculture,6352280.41,25653.49,25781.03,0,13.9,0.5,1.0
CLI-0407,Logistics,6216795.33,10499.29,10412.32,0,12.5,-0.83,9.0
CLI-0408,Manufacturing,22798562.05,43082.02,44709.44,0,29.3,3.78,6.0
CLI-0409,Agriculture,31875375.47,34170.1,33158.65,0,12.2,-2.96,1.0
CLI-0410,Manufacturing,47372407.98,42057.51,71324.44,1,30.1,69.59,91.0
CLI-0411,Energy,42581245.71,43079.45,41160.74,0,21.7,-4.45,4.0
CLI-0412,Energy,29524648.85,37669.44,67168.65,1,31.0,78.31,98.0
CLI-0413,Agriculture,20049466.65,22521.32,22050.35,0,11.7,-2.09,2.0
CLI-0414,Manufacturing,59841847.51,30916.79,45807.68,1,24.7,48.16,75.0
CLI-0415,Logistics,28439971.62,8857.9,8685.09,0,12.1,-1.95,1.0
CLI-0416,Agriculture,29826286.34,34008.63,32963.46,0,21.7,-3.07,7.0
CLI-0417,Energy,13999310.17,9783.41,9420.52,0,20.9,-3.71,0.0
CLI-0418,Energy,48714525.18,35003.53,48259.91,1,27.5,37.87,73.0
CLI-0419,Agriculture,43152522.42,12250.31,12215.55,0,22.8,-0.28,5.0
CLI-0420,Manufacturing,17142328.7,6760.01,6575.79,0,26.4,-2.73,3.0
CLI-0421,Energy,9530957.51,9098.94,8795.2,0,10.8,-3.34,0.0
CLI-0422,Manufacturing,42427461.61,1097.61,1079.25,0,20.0,-1.67,10.0
CLI-0423,Energy,40998116.79,36218.24,63887.33,1,32.2,76.4,100.0
CLI-0424,Energy,20029273.98,36887.65,38688.23,0,15.0,4.88,0.0
CLI-0425,Retail,57297495.92,26231.73,26192.99,0,16.2,-0.15,1.0
CLI-0426,Energy,13308184.05,8906.78,8621.02,0,22.3,-3.21,1.0
CLI-0427,Logistics,28778414.06,5094.16,5293.41,0,28.0,3.91,2.0
CLI-0428,Agriculture,56898875.61,1937.32,1929.64,0,26.2,-0.4,5.0
CLI-0429,Agriculture,28085002.43,9121.66,9312.92,0,21.7,2.1,0.0
CLI-0430,Manufacturing,40118927.12,44651.92,46811.79,0,24.6,4.84,5.0
CLI-0431,Energy,26867691.89,12835.31,12257.95,0,17.3,-4.5,2.0
CLI-0432,Logistics,20081836.13,18359.3,17618.86,0,22.8,-4.03,2.0
CLI-0433,Manufacturing,59118770.64,6161.93,6297.77,0,19.3,2.2,0.0
CLI-0434,Retail,27513370.35,11895.7,11636.17,0,13.8,-2.18,0.0
CLI-0435,Manufacturing,54175456.2,26442.0,25607.23,0,24.0,-3.16,2.0
CLI-0436,Manufacturing,17647503.32,30779.88,29362.04,0,21.1,-4.61,0.0
CLI-0437,Energy,16720758.72,13022.26,15797.41,1,29.9,21.31,76.0
CLI-0438,Retail,6712374.56,3828.88,4903.49,1,37.9,28.07,92.0
CLI-0439,Manufacturing,40841675.4,20160.61,20374.1,0,10.4,1.06,0.0
CLI-0440,Logistics,25268948.9,12475.97,12386.58,0,16.3,-0.72,0.0
CLI-0441,Logistics,52539703.74,11758.14,14301.0,1,24.0,21.63,58.0
CLI-0442,Agriculture,31026544.87,48033.28,45682.11,0,25.3,-4.89,4.0
CLI-0443,Retail,58250638.54,31198.72,32015.78,0,24.0,2.62,11.0
CLI-0444,Retail,15203903.36,28287.04,29399.58,0,16.6,3.93,0.0
CLI-0445,Agriculture,52774274.24,21372.98,21229.44,0,23.5,-0.67,1.0
CLI-0446,Manufacturing,47712826.9,22018.27,22096.53,0,17.9,0.36,3.0
CLI-0447,Retail,47400701.46,27504.35,27441.04,0,25.1,-0.23,1.0
CLI-0448,Logistics,51463077.55,35125.06,50352.66,1,33.0,43.35,99.0
CLI-0449,Logistics,46856319.5,35405.16,61476.11,1,26.6,73.64,69.0
CLI-0450,Energy,39442117.69,9413.0,9521.32,0,28.7,1.15,5.0
CLI-0451,Retail,12218468.27,25505.52,26594.37,0,15.0,4.27,0.0
CLI-0452,Manufacturing,6788939.87,21185.95,22164.86,0,12.4,4.62,0.0
CLI-0453,Agriculture,55646631.63,43655.82,43694.93,0,21.7,0.09,4.0
CLI-0454,Agriculture,38915767.3,31939.53,31788.85,0,29.4,-0.47,1.0
CLI-0455,Manufacturing,48809551.0,27092.7,26493.12,0,17.6,-2.21,0.0
CLI-0456,Energy,31483729.33,6654.34,11813.6,1,17.7,77.53,64.0
CLI-0457,Agriculture,11451950.39,30676.26,30921.15,0,16.8,0.8,0.0
CLI-0458,Retail,11885218.57,6742.99,6596.36,0,20.1,-2.17,4.0
CLI-0459,Energy,42706090.8,17523.12,23961.2,1,22.3,36.74,66.0
CLI-0460,Retail,28666824.22,7999.26,8398.26,0,23.2,4.99,2.0
CLI-0461,Logistics,16028859.97,34911.61,33357.93,0,30.0,-4.45,22.0
CLI-0462,Energy,32037700.07,11106.35,11193.58,0,19.0,0.79,0.0
CLI-0463,Agriculture,8531491.54,20201.11,19357.86,0,17.1,-4.17,1.0
CLI-0464,Energy,37008427.11,44888.06,43337.27,0,18.0,-3.45,1.0
CLI-0465,Energy,19794637.24,11011.5,10944.95,0,12.3,-0.6,2.0
CLI-0466,Energy,48865750.54,25882.45,25909.52,0,27.7,0.1,11.0
CLI-0467,Energy,22069907.74,21544.31,29198.47,1,26.5,35.53,70.0
CLI-0468,Retail,30037108.2,1888.08,1810.1,0,17.7,-4.13,10.0
CLI-0469,Logistics,5639129.69,39845.15,39061.08,0,23.2,-1.97,0.0
CLI-0470,Manufacturing,8984578.83,4383.25,4587.75,0,18.8,4.67,1.0
CLI-0471,Energy,26587145.6,24238.5,25316.4,0,23.0,4.45,14.0
CLI-0472,Agriculture,31396635.91,28473.24,28003.08,0,11.2,-1.65,0.0
CLI-0473,Energy,38001130.15,31792.9,32018.17,0,26.3,0.71,2.0
CLI-0474,Agriculture,21041441.83,34742.95,36166.01,0,28.8,4.1,5.0
CLI-0475,Retail,43224003.74,13410.35,12748.13,0,23.0,-4.94,4.0
CLI-0476,Agriculture,52306731.85,1488.96,1535.22,0,29.1,3.11,13.0
CLI-0477,Manufacturing,47891804.39,36448.74,38082.99,0,13.0,4.48,2.0
CLI-0478,Logistics,7179035.39,27247.17,26133.65,0,19.5,-4.09,1.0
CLI-0479,Agriculture,31427882.1,41969.77,54429.28,1,36.6,29.69,99.0
CLI-0480,Agriculture,10771159.81,41248.03,41402.88,0,21.6,0.38,1.0
CLI-0481,Logistics,18312475.87,42322.98,40266.92,0,18.0,-4.86,4.0
CLI-0482,Manufacturing,59266442.63,24769.64,24169.3,0,16.8,-2.42,2.0
CLI-0483,Energy,12837254.86,17347.79,17260.95,0,12.5,-0.5,4.0
CLI-0484,Agriculture,32438848.44,39786.35,40553.86,0,17.8,1.93,6.0
CLI-0485,Logistics,38998565.39,23113.41,23652.32,0,13.3,2.33,0.0
CLI-0486,Retail,43635573.38,9988.67,10483.53,0,24.7,4.95,5.0
CLI-0487,Logistics,35780677.59,42893.73,41982.29,0,14.2,-2.12,1.0
CLI-0488,Retail,5537396.61,44245.43,44414.54,0,11.2,0.38,0.0
CLI-0489,Manufacturing,22955371.95,23849.18,23928.65,0,21.0,0.33,0.0
CLI-0490,Energy,33474140.39,4709.29,4664.86,0,21.9,-0.94,0.0
CLI-0491,Logistics,9832657.45,20003.48,26034.47,1,42.2,30.15,96.0
CLI-0492,Agriculture,24284481.22,40373.35,41799.81,0,21.5,3.53,1.0
CLI-0493,Manufacturing,6826170.98,45186.93,45179.4,0,16.9,-0.02,0.0
CLI-0494,Logistics,9321817.34,10970.16,11083.42,0,26.1,1.03,2.0
CLI-0495,Agriculture,26830780.19,4281.71,4164.93,0,20.8,-2.73,7.0
CLI-0496,Logistics,12299366.47,43990.17,44182.79,0,11.6,0.44,2.0
CLI-0497,Retail,36214746.65,20080.84,20472.36,0,21.3,1.95,3.0
CLI-0498,Logistics,42920573.3,27546.29,27588.07,0,28.2,0.15,10.0
CLI-0499,Logistics,49032268.45,48435.22,50809.93,0,17.9,4.9,0.0
CLI-0500,Logistics,16008263.43,4261.67,4309.12,0,15.9,1.11,0.0
CLI-0501,Manufacturing,14211542.02,32767.58,32344.79,0,12.9,-1.29,0.0
CLI-0502,Logistics,10751231.22,4631.17,4757.21,0,13.0,2.72,0.0
CLI-0503,Agriculture,40003663.72,19397.98,18758.74,0,18.7,-3.3,3.0
CLI-0504,Retail,43856164.96,40386.91,39920.51,0,21.9,-1.15,9.0
CLI-0505,Retail,6737237.97,22240.14,21899.77,0,11.6,-1.53,1.0
CLI-0506,Logistics,56491673.54,49861.94,49521.92,0,28.8,-0.68,2.0
CLI-0507,Manufacturing,7858420.6,28393.9,29193.98,0,25.1,2.82,2.0
CLI-0508,Manufacturing,34771298.44,16736.95,16710.46,0,21.7,-0.16,4.0
CLI-0509,Agriculture,43998328.57,11785.45,19757.23,1,37.3,67.64,99.0
CLI-0510,Logistics,52903301.81,18175.51,17888.46,0,11.6,-1.58,0.0
CLI-0511,Retail,44274781.27,19254.13,19850.97,0,19.5,3.1,1.0
CLI-0512,Manufacturing,49095044.57,4366.97,4252.68,0,22.6,-2.62,3.0
CLI-0513,Logistics,23669760.59,19109.14,18582.46,0,26.6,-2.76,9.0
CLI-0514,Manufacturing,49815381.26,23747.69,23758.38,0,25.7,0.05,0.0
CLI-0515,Manufacturing,9406316.55,36414.15,35543.3,0,15.5,-2.39,1.0
CLI-0516,Retail,54214916.08,33179.74,39996.59,1,40.3,20.55,98.0
CLI-0517,Energy,35117580.69,35729.52,35769.16,0,12.5,0.11,0.0
CLI-0518,Agriculture,49951377.35,1409.82,1402.14,0,27.5,-0.54,12.0
CLI-0519,Agriculture,29877505.65,11665.7,20767.06,1,40.1,78.02,100.0
CLI-0520,Retail,40396773.24,33422.53,34637.21,0,13.5,3.63,0.0
CLI-0521,Manufacturing,33952146.35,24715.48,23824.36,0,24.4,-3.61,2.0
CLI-0522,Logistics,45237423.7,1260.36,1269.08,0,10.8,0.69,4.0
CLI-0523,Manufacturing,9489649.01,40420.24,41907.62,0,18.1,3.68,0.0
CLI-0524,Retail,8319364.62,38867.67,39190.68,0,20.3,0.83,0.0
CLI-0525,Agriculture,18590677.87,27872.54,45454.78,1,30.3,63.08,95.0
CLI-0526,Manufacturing,13774957.41,4256.7,4083.22,0,28.7,-4.08,3.0
CLI-0527,Agriculture,52948096.16,38559.24,38396.91,0,23.4,-0.42,1.0
CLI-0528,Logistics,17056769.3,29601.97,29289.61,0,19.6,-1.06,0.0
CLI-0529,Agriculture,58672589.07,39316.04,40759.18,0,26.2,3.67,5.0
CLI-0530,Agriculture,23529268.55,37835.6,50941.75,1,43.7,34.64,100.0
CLI-0531,Energy,15016485.36,40347.1,42195.55,0,10.4,4.58,0.0
CLI-0532,Energy,48433417.89,26382.4,25716.59,0,29.7,-2.52,8.0
CLI-0533,Energy,41228927.65,7875.9,7756.23,0,11.7,-1.52,0.0
CLI-0534,Agriculture,32400764.4,33886.72,35227.13,0,26.3,3.96,1.0
CLI-0535,Retail,35544995.3,31403.22,32868.56,0,15.6,4.67,0.0
CLI-0536,Agriculture,44556097.8,37370.41,37159.04,0,12.6,-0.57,0.0
CLI-0537,Retail,17565010.77,9324.17,9157.26,0,18.8,-1.79,0.0
CLI-0538,Retail,59798365.38,10553.78,10581.32,0,22.9,0.26,7.0
CLI-0539,Energy,58613623.92,44630.07,45468.09,0,17.6,1.88,2.0
CLI-0540,Manufacturing,40767912.75,37748.91,36893.8,0,11.1,-2.27,0.0
CLI-0541,Logistics,15974834.8,45503.2,46579.23,0,22.0,2.36,2.0
CLI-0542,Energy,42412553.33,38177.05,36465.41,0,28.0,-4.48,12.0
CLI-0543,Energy,8970912.49,30260.61,28896.75,0,17.7,-4.51,3.0
CLI-0544,Manufacturing,6685887.62,33052.5,32676.65,0,14.3,-1.14,0.0
CLI-0545,Logistics,19172558.87,44567.27,43914.24,0,18.9,-1.47,0.0
CLI-0546,Agriculture,30444262.62,29361.53,28820.2,0,11.0,-1.84,0.0
CLI-0547,Agriculture,52754987.8,31987.17,31958.44,0,26.4,-0.09,18.0
CLI-0548,Energy,44994298.84,8667.36,8511.98,0,26.5,-1.79,10.0
CLI-0549,Logistics,45848858.67,24222.14,31860.71,1,29.9,31.54,66.0
CLI-0550,Energy,28402133.39,36103.46,37818.03,0,17.1,4.75,6.0
CLI-0551,Retail,24026424.59,14276.19,14149.29,0,26.0,-0.89,2.0
CLI-0552,Energy,25407131.96,10910.45,10850.13,0,21.1,-0.55,4.0
CLI-0553,Energy,59320726.01,16377.51,16502.87,0,26.5,0.77,2.0
CLI-0554,Agriculture,7206005.53,12833.53,13453.83,0,22.6,4.83,0.0
CLI-0555,Agriculture,52686732.29,11530.72,11232.77,0,25.7,-2.58,9.0
CLI-0556,Agriculture,36827147.47,21817.69,35099.63,1,34.1,60.88,96.0
CLI-0557,Retail,29123848.06,45484.09,45972.25,0,18.3,1.07,0.0
CLI-0558,Agriculture,44889171.32,25845.92,32388.74,1,40.9,25.31,100.0
CLI-0559,Logistics,31766791.78,10208.1,9763.12,0,20.8,-4.36,3.0
CLI-0560,Manufacturing,53038278.09,4771.61,4817.49,0,22.1,0.96,2.0
CLI-0561,Logistics,54538602.52,35111.65,57714.73,1,21.5,64.37,63.0
CLI-0562,Logistics,28194650.98,19757.14,20432.09,0,22.5,3.42,0.0
CLI-0563,Agriculture,20225528.85,41269.72,39331.5,0,21.4,-4.7,0.0
CLI-0564,Manufacturing,37579268.07,33316.03,34461.48,0,13.7,3.44,0.0
CLI-0565,Manufacturing,55179984.01,40015.83,39857.08,0,11.2,-0.4,0.0
CLI-0566,Manufacturing,16586420.4,14325.36,13920.79,0,22.1,-2.82,2.0
CLI-0567,Retail,39263162.1,34925.59,33646.54,0,25.3,-3.66,13.0
CLI-0568,Agriculture,39735812.11,13939.04,14570.91,0,20.5,4.53,0.0
CLI-0569,Manufacturing,45321216.23,47014.36,45005.27,0,14.5,-4.27,0.0
CLI-0570,Retail,12236222.68,32182.34,31213.95,0,23.3,-3.01,2.0
CLI-0571,Energy,44370373.06,16901.08,16643.88,0,11.6,-1.52,0.0
CLI-0572,Energy,54996788.64,14206.08,14376.89,0,18.8,1.2,2.0
CLI-0573,Retail,14882570.99,10355.4,10401.79,0,13.3,0.45,0.0
CLI-0574,Retail,18064882.87,35037.41,33725.76,0,13.7,-3.74,0.0
CLI-0575,Agriculture,58426730.17,11717.07,11470.69,0,14.0,-2.1,1.0
CLI-0576,Agriculture,14953732.4,30169.86,29381.68,0,17.7,-2.61,1.0
CLI-0577,Energy,51991180.14,13967.12,13567.02,0,11.0,-2.86,0.0
CLI-0578,Manufacturing,32075282.1,33436.48,33139.38,0,18.0,-0.89,1.0
CLI-0579,Energy,18597709.09,40932.05,41767.19,0,20.2,2.04,0.0
CLI-0580,Manufacturing,52891244.57,39123.24,38017.82,0,19.7,-2.83,0.0
CLI-0581,Manufacturing,29491789.03,38281.72,37771.34,0,17.7,-1.33,2.0
CLI-0582,Agriculture,33314954.47,10198.4,10087.15,0,26.8,-1.09,8.0
CLI-0583,Logistics,24757835.32,5330.86,5584.85,0,12.9,4.76,0.0
CLI-0584,Logistics,37612296.83,35248.49,36851.12,0,20.1,4.55,4.0
CLI-0585,Retail,13993812.99,19049.01,19620.74,0,11.2,3.0,0.0
CLI-0586,Agriculture,26509484.52,22184.97,29838.68,1,17.1,34.5,63.0
CLI-0587,Manufacturing,58317677.73,2526.31,3511.93,1,29.1,39.01,73.0
CLI-0588,Logistics,19197338.8,13719.25,13727.38,0,21.3,0.06,0.0
CLI-0589,Manufacturing,41120516.55,2650.14,2723.74,0,27.6,2.78,7.0
CLI-0590,Logistics,22885453.53,44080.1,45659.59,0,21.2,3.58,1.0
CLI-0591,Logistics,47541021.91,12926.44,13372.23,0,29.2,3.45,6.0
CLI-0592,Logistics,12198051.34,28309.52,27912.27,0,11.0,-1.4,1.0
CLI-0593,Agriculture,58340157.48,2909.99,2964.48,0,12.0,1.87,0.0
CLI-0594,Energy,29958424.78,33675.52,33045.23,0,10.9,-1.87,0.0
CLI-0595,Manufacturing,17982775.48,16828.34,16089.42,0,13.7,-4.39,0.0
CLI-0596,Agriculture,9042321.1,44998.04,45905.04,0,20.8,2.02,0.0
CLI-0597,Agriculture,14336684.78,44517.79,42335.65,0,22.9,-4.9,0.0
CLI-0598,Agriculture,33587567.17,16939.24,16785.4,0,10.9,-0.91,0.0
CLI-0599,Agriculture,23535174.7,45147.08,63098.8,1,40.9,39.76,96.0
CLI-0600,Agriculture,50588585.12,49811.73,51137.94,0,26.8,2.66,2.0
CLI-0601,Retail,28698813.8,41445.37,40633.43,0,15.9,-1.96,3.0
CLI-0602,Manufacturing,18679284.99,42398.7,43719.96,0,11.5,3.12,1.0
CLI-0603,Agriculture,38942974.26,13201.43,12929.37,0,13.4,-2.06,0.0
CLI-0604,Manufacturing,43872746.93,29258.42,29101.38,0,12.5,-0.54,1.0
CLI-0605,Retail,14187304.93,4295.54,4393.06,0,12.5,2.27,0.0
CLI-0606,Retail,14219056.9,5650.98,5760.0,0,20.4,1.93,3.0
CLI-0607,Manufacturing,7016928.48,49945.74,52379.94,0,14.9,4.87,0.0
CLI-0608,Logistics,45502110.83,17005.32,16537.95,0,17.2,-2.75,0.0
CLI-0609,Energy,41509249.02,37661.01,38272.32,0,29.8,1.62,4.0
CLI-0610,Logistics,31104698.17,40526.59,40971.09,0,23.7,1.1,7.0
CLI-0611,Logistics,51429374.69,43043.14,44829.85,0,29.0,4.15,2.0
CLI-0612,Logistics,49311858.41,49883.79,48169.59,0,12.9,-3.44,0.0
CLI-0613,Agriculture,37194490.04,12833.33,21188.84,1,28.3,65.11,62.0
CLI-0614,Retail,52754920.43,2977.19,2910.1,0,21.1,-2.25,0.0
CLI-0615,Logistics,16321266.55,21148.38,21094.31,0,11.5,-0.26,0.0
CLI-0616,Retail,11155579.07,7373.95,7251.38,0,10.1,-1.66,0.0
CLI-0617,Manufacturing,19836228.63,2098.87,2115.52,0,23.4,0.79,21.0
CLI-0618,Energy,8139777.08,18660.91,19386.82,0,22.8,3.89,0.0
CLI-0619,Manufacturing,34214324.04,39403.17,39676.25,0,18.2,0.69,3.0
CLI-0620,Manufacturing,56513313.08,28742.85,45385.92,1,30.0,57.9,80.0
CLI-0621,Agriculture,7163894.74,16326.12,15593.35,0,18.3,-4.49,0.0
CLI-0622,Energy,11716045.27,33062.76,32179.52,0,10.5,-2.67,2.0
CLI-0623,Manufacturing,29870946.56,12368.89,12359.0,0,16.7,-0.08,0.0
CLI-0624,Manufacturing,56363125.96,1704.69,1672.34,0,13.5,-1.9,0.0
CLI-0625,Energy,22388585.77,38453.32,37229.6,0,12.0,-3.18,1.0
CLI-0626,Energy,32897914.48,31563.41,31576.45,0,29.1,0.04,4.0
CLI-0627,Manufacturing,7286507.25,38352.83,37673.26,0,22.0,-1.77,1.0
CLI-0628,Energy,13158876.05,2907.96,2837.62,0,24.6,-2.42,7.0
CLI-0629,Manufacturing,59264656.76,42018.86,41867.53,0,16.3,-0.36,4.0
CLI-0630,Manufacturing,58081528.3,31356.78,40135.76,1,32.1,28.0,98.0
CLI-0631,Agriculture,5271698.95,28606.37,29658.23,0,14.7,3.68,0.0
CLI-0632,Logistics,57349648.2,31606.09,51346.38,1,18.0,62.46,73.0
CLI-0633,Manufacturing,40151596.58,43357.23,44553.36,0,13.6,2.76,0.0
CLI-0634,Retail,52735506.2,29759.89,50138.7,1,38.6,68.48,99.0
CLI-0635,Logistics,30010692.06,29466.57,28329.06,0,23.6,-3.86,0.0
CLI-0636,Logistics,33357781.57,49543.28,50256.25,0,20.9,1.44,0.0
CLI-0637,Logistics,31886561.91,38079.78,64758.28,1,30.3,70.06,97.0
CLI-0638,Agriculture,41677534.17,22672.4,23004.34,0,28.4,1.46,2.0
CLI-0639,Manufacturing,12680819.01,35662.45,52602.76,1,21.7,47.5,74.0
CLI-0640,Agriculture,6648547.44,20072.29,19137.68,0,15.6,-4.66,0.0
CLI-0641,Manufacturing,21936146.79,12214.9,12384.64,0,17.0,1.39,2.0
CLI-0642,Agriculture,43757441.95,30245.74,28979.8,0,25.6,-4.19,1.0
CLI-0643,Agriculture,16101939.87,46480.92,46178.86,0,29.9,-0.65,5.0
CLI-0644,Retail,42038783.83,46527.84,45563.11,0,14.8,-2.07,1.0
CLI-0645,Agriculture,58345162.54,17753.36,17834.01,0,27.5,0.45,6.0
CLI-0646,Energy,10164539.37,26856.2,25871.7,0,26.6,-3.67,4.0
CLI-0647,Retail,41993116.5,11370.16,11588.06,0,14.5,1.92,0.0
CLI-0648,Agriculture,29406262.06,49785.92,51254.66,0,18.0,2.95,0.0
CLI-0649,Logistics,52747823.99,49074.78,47422.7,0,18.2,-3.37,0.0
CLI-0650,Energy,14743238.42,32825.94,31527.06,0,29.6,-3.96,8.0
CLI-0651,Energy,43094427.37,40416.29,38983.6,0,13.6,-3.54,0.0
CLI-0652,Energy,51096340.93,36039.91,37399.07,0,26.0,3.77,8.0
CLI-0653,Retail,56953782.07,30064.75,30149.5,0,16.7,0.28,0.0
CLI-0654,Agriculture,42578641.56,3614.05,3602.22,0,24.6,-0.33,3.0
CLI-0655,Agriculture,32344612.02,23283.45,22367.74,0,18.4,-3.93,6.0
CLI-0656,Logistics,38981598.21,34064.53,54153.53,1,35.2,58.97,99.0
CLI-0657,Logistics,52789774.15,34199.05,35321.41,0,26.7,3.28,14.0
CLI-0658,Energy,36383536.07,19283.01,19526.08,0,26.1,1.26,0.0
CLI-0659,Logistics,6671288.28,47142.91,45140.65,0,27.3,-4.25,5.0
CLI-0660,Retail,56202178.25,9200.49,8843.88,0,11.2,-3.88,0.0
CLI-0661,Agriculture,42923971.31,25517.61,24367.55,0,23.8,-4.51,2.0
CLI-0662,Energy,42208236.22,34853.31,34008.04,0,12.8,-2.43,1.0
CLI-0663,Logistics,16862133.38,35159.65,33878.65,0,18.3,-3.64,0.0
CLI-0664,Retail,41238700.86,32783.31,31996.67,0,21.0,-2.4,1.0
CLI-0665,Retail,26662542.31,14489.12,20734.44,1,32.5,43.1,99.0
CLI-0666,Logistics,40817813.74,8654.12,13554.3,1,33.7,56.62,99.0
CLI-0667,Agriculture,10862616.67,32161.08,32837.59,0,29.9,2.1,16.0
CLI-0668,Logistics,41181491.75,30365.8,29189.13,0,12.7,-3.87,0.0
CLI-0669,Energy,59967754.92,9788.44,10019.37,0,23.5,2.36,9.0
CLI-0670,Logistics,7651662.14,35551.82,34752.26,0,17.9,-2.25,0.0
CLI-0671,Retail,58744580.13,23303.43,23627.6,0,12.7,1.39,0.0
CLI-0672,Logistics,27379937.84,33720.27,33183.99,0,13.2,-1.59,0.0
CLI-0673,Agriculture,52891439.77,42030.99,44122.76,0,29.0,4.98,6.0
CLI-0674,Manufacturing,48031201.62,9316.69,9096.4,0,27.6,-2.36,0.0
CLI-0675,Logistics,36185894.35,1938.1,1895.29,0,28.1,-2.21,9.0
CLI-0676,Agriculture,45614706.51,39176.03,68887.26,1,35.1,75.84,100.0
CLI-0677,Agriculture,53318355.87,30875.17,49956.44,1,26.4,61.8,61.0
CLI-0678,Retail,27227717.69,35282.34,36469.16,0,17.1,3.36,6.0
CLI-0679,Agriculture,22986823.89,42069.59,44065.54,0,23.4,4.74,4.0
CLI-0680,Agriculture,41717636.21,40337.74,72017.43,1,25.3,78.54,68.0
CLI-0681,Agriculture,49431526.81,48085.09,49632.66,0,18.4,3.22,0.0
CLI-0682,Agriculture,46925682.41,27260.82,27659.67,0,17.2,1.46,1.0
CLI-0683,Energy,48879750.69,24936.29,25303.71,0,21.9,1.47,2.0
CLI-0684,Energy,28957082.31,20692.47,19923.43,0,21.5,-3.72,0.0
CLI-0685,Retail,49980881.89,8530.86,8658.98,0,13.2,1.5,2.0
CLI-0686,Logistics,11611498.05,29057.75,51998.54,1,33.6,78.95,94.0
CLI-0687,Agriculture,34946900.39,14573.61,21328.16,1,26.5,46.35,68.0
CLI-0688,Logistics,5316726.33,46144.07,45508.64,0,21.4,-1.38,5.0
CLI-0689,Logistics,22852220.64,29576.35,30541.69,0,14.2,3.26,0.0
CLI-0690,Retail,25155384.42,30049.17,48706.68,1,34.4,62.09,99.0
CLI-0691,Agriculture,26789498.04,18391.31,17573.08,0,10.5,-4.45,3.0
CLI-0692,Agriculture,43250696.37,3547.48,5165.62,1,26.8,45.61,68.0
CLI-0693,Manufacturing,26370695.57,2555.44,2664.95,0,25.6,4.29,12.0
CLI-0694,Logistics,29678149.24,21743.42,22050.19,0,21.3,1.41,1.0
CLI-0695,Logistics,18064927.2,5143.7,5046.82,0,15.2,-1.88,0.0
CLI-0696,Energy,25528848.54,30735.5,30813.32,0,23.9,0.25,4.0
CLI-0697,Manufacturing,17499829.5,44167.68,42251.05,0,21.3,-4.34,0.0
CLI-0698,Energy,9025775.81,44262.83,46354.55,0,25.9,4.73,1.0
CLI-0699,Energy,38189672.64,33293.23,32827.32,0,24.7,-1.4,7.0
CLI-0700,Energy,41751703.92,11350.36,11325.24,0,22.2,-0.22,3.0
CLI-0701,Retail,39071969.03,43286.84,42660.41,0,19.8,-1.45,0.0
CLI-0702,Retail,30492172.41,44418.58,71492.02,1,24.3,60.95,58.0
CLI-0703,Energy,25888217.91,10636.03,17328.15,1,22.9,62.92,63.0
CLI-0704,Manufacturing,52483350.73,37133.88,36449.39,0,18.4,-1.84,0.0
CLI-0705,Logistics,33549498.18,15039.46,14475.86,0,22.0,-3.75,4.0
CLI-0706,Manufacturing,31355003.27,40329.38,40956.54,0,20.3,1.56,5.0
CLI-0707,Agriculture,6410313.62,49864.66,47569.87,0,15.8,-4.6,0.0
CLI-0708,Retail,23768630.52,2471.27,3851.74,1,23.8,55.86,73.0
CLI-0709,Logistics,25910759.03,44970.93,46728.54,0,19.9,3.91,1.0
CLI-0710,Logistics,26935252.95,31508.9,31348.32,0,15.7,-0.51,2.0
CLI-0711,Agriculture,36909480.31,48695.75,71854.58,1,30.5,47.56,95.0
CLI-0712,Agriculture,34348140.07,23785.47,24191.64,0,10.5,1.71,1.0
CLI-0713,Energy,38434780.1,42522.01,43888.07,0,21.7,3.21,1.0
CLI-0714,Retail,47068579.38,4057.31,5464.36,1,38.0,34.68,97.0
CLI-0715,Retail,49714215.63,17428.67,18019.22,0,13.5,3.39,1.0
CLI-0716,Manufacturing,44496769.19,4283.81,7395.02,1,26.9,72.63,63.0
CLI-0717,Energy,57553803.28,48791.81,49038.55,0,11.8,0.51,0.0
CLI-0718,Energy,6002792.05,41031.72,39769.97,0,22.5,-3.08,1.0
CLI-0719,Energy,15767789.21,42774.82,41071.86,0,21.0,-3.98,0.0
CLI-0720,Energy,5415958.12,46960.3,82024.26,1,31.4,74.67,85.0
CLI-0721,Retail,40611109.28,5170.07,5304.51,0,20.4,2.6,1.0
CLI-0722,Retail,54391680.19,19894.28,18996.58,0,27.9,-4.51,6.0
CLI-0723,Energy,18391526.31,4480.71,4634.72,0,13.9,3.44,0.0
CLI-0724,Manufacturing,55986899.96,11328.86,11258.67,0,10.5,-0.62,0.0
CLI-0725,Logistics,8314706.47,12238.92,12046.03,0,27.2,-1.58,0.0
CLI-0726,Logistics,56393981.47,23986.25,24097.73,0,21.5,0.46,3.0
CLI-0727,Manufacturing,24339247.8,14159.55,13580.92,0,27.8,-4.09,4.0
CLI-0728,Energy,10578145.56,5947.93,6100.58,0,21.9,2.57,0.0
CLI-0729,Retail,31722946.76,9207.06,9282.96,0,26.2,0.82,2.0
CLI-0730,Logistics,19122711.22,8216.5,7958.99,0,18.6,-3.13,0.0
CLI-0731,Agriculture,20668009.61,48680.76,47163.05,0,25.0,-3.12,10.0
CLI-0732,Agriculture,21900948.07,38205.33,50069.96,1,33.8,31.05,97.0
CLI-0733,Manufacturing,49166424.38,48420.31,48845.43,0,21.4,0.88,0.0
CLI-0734,Energy,34653870.22,22547.28,38425.28,1,18.8,70.42,73.0
CLI-0735,Logistics,22121923.45,14640.06,13979.8,0,15.4,-4.51,0.0
CLI-0736,Energy,38568358.08,40116.37,40408.3,0,14.0,0.73,0.0
CLI-0737,Logistics,44388287.08,16986.44,17529.15,0,14.9,3.19,0.0
CLI-0738,Manufacturing,19994320.04,15669.79,15398.29,0,16.1,-1.73,0.0
CLI-0739,Manufacturing,27745200.58,12392.79,12206.42,0,21.1,-1.5,0.0
CLI-0740,Agriculture,11703735.13,7354.27,7425.13,0,21.8,0.96,3.0
CLI-0741,Energy,14963214.22,13566.69,13260.37,0,18.5,-2.26,0.0
CLI-0742,Agriculture,42461481.97,18410.67,17539.12,0,22.3,-4.73,12.0
CLI-0743,Energy,14979109.12,34025.72,34826.1,0,11.6,2.35,0.0
CLI-0744,Agriculture,33883986.1,4065.68,4116.77,0,11.8,1.26,1.0
CLI-0745,Retail,43997544.39,11314.84,11406.21,0,13.4,0.81,0.0
CLI-0746,Retail,10878230.77,40642.16,41624.42,0,20.4,2.42,0.0
CLI-0747,Retail,36202172.08,8199.17,8342.84,0,14.3,1.75,0.0
CLI-0748,Retail,19110953.1,17789.61,17266.39,0,15.7,-2.94,0.0
CLI-0749,Logistics,57960978.14,43368.29,42728.53,0,18.0,-1.48,4.0
CLI-0750,Retail,31595010.57,8591.34,8270.12,0,26.2,-3.74,2.0
CLI-0751,Manufacturing,49329590.24,5054.1,4867.03,0,10.3,-3.7,0.0
CLI-0752,Manufacturing,35262459.82,24742.36,25178.31,0,23.0,1.76,1.0
CLI-0753,Logistics,7387689.31,15818.56,16385.81,0,23.4,3.59,0.0
CLI-0754,Retail,39823325.66,28607.01,29930.75,0,26.0,4.63,0.0
CLI-0755,Retail,57327183.82,40386.44,40904.79,0,28.7,1.28,12.0
CLI-0756,Retail,38088650.11,7720.28,7476.4,0,10.4,-3.16,0.0
CLI-0757,Agriculture,50055387.27,29454.26,28292.73,0,13.1,-3.94,1.0
CLI-0758,Energy,53631355.48,25769.93,43492.18,1,38.5,68.77,99.0
CLI-0759,Agriculture,17544387.46,8059.86,8155.2,0,19.2,1.18,0.0
CLI-0760,Energy,16662466.19,31575.93,52696.35,1,33.3,66.89,99.0
CLI-0761,Retail,38603954.39,14408.38,14890.28,0,23.3,3.34,1.0
CLI-0762,Retail,27606565.84,24903.88,23798.68,0,23.6,-4.44,1.0
CLI-0763,Agriculture,51192371.66,5031.34,5155.88,0,28.6,2.48,1.0
CLI-0764,Agriculture,54501271.79,23519.62,24344.81,0,29.9,3.51,14.0
CLI-0765,Energy,24438175.86,16016.71,15674.17,0,24.4,-2.14,4.0
CLI-0766,Manufacturing,18027880.74,41296.68,41876.68,0,15.7,1.4,0.0
CLI-0767,Energy,47928903.34,3791.96,3721.49,0,27.6,-1.86,1.0
CLI-0768,Agriculture,20114331.96,21511.76,22496.94,0,11.0,4.58,2.0
CLI-0769,Agriculture,50243787.52,23463.14,22368.41,0,14.6,-4.67,0.0
CLI-0770,Logistics,28305603.95,36525.3,36816.75,0,27.9,0.8,12.0
CLI-0771,Agriculture,41715244.46,29140.09,28168.28,0,15.1,-3.33,2.0
CLI-0772,Logistics,10254442.26,33693.4,34408.44,0,14.4,2.12,0.0
CLI-0773,Manufacturing,39312262.86,39075.41,37808.94,0,12.8,-3.24,2.0
CLI-0774,Energy,29847222.33,43247.95,58005.45,1,37.1,34.12,100.0
CLI-0775,Energy,37263465.47,16379.9,17059.4,0,20.0,4.15,1.0
CLI-0776,Logistics,14240781.43,27363.11,36311.63,1,29.9,32.7,78.0
CLI-0777,Energy,45528055.97,42165.3,43257.28,0,14.8,2.59,1.0
CLI-0778,Agriculture,52453839.26,49483.11,49486.18,0,25.2,0.01,3.0
CLI-0779,Retail,16920689.0,44586.45,46422.45,0,25.2,4.12,7.0
CLI-0780,Logistics,10264300.55,19201.9,18523.33,0,16.3,-3.53,0.0
CLI-0781,Energy,6300122.23,10563.16,16769.62,1,25.5,58.76,68.0
CLI-0782,Logistics,40308432.52,24980.23,24122.81,0,14.2,-3.43,0.0
CLI-0783,Logistics,38390171.98,37340.43,38025.36,0,29.5,1.83,0.0
CLI-0784,Retail,35068357.7,25135.88,25371.36,0,22.9,0.94,3.0
CLI-0785,Agriculture,17757090.29,24675.86,25304.67,0,28.7,2.55,17.0
CLI-0786,Logistics,26499829.77,42073.29,58300.01,1,25.5,38.57,80.0
CLI-0787,Energy,37696198.44,18708.79,18531.94,0,25.6,-0.95,0.0
CLI-0788,Manufacturing,32322177.24,43129.94,45217.81,0,25.3,4.84,6.0
CLI-0789,Logistics,59328203.61,20933.44,20498.55,0,23.8,-2.08,1.0
CLI-0790,Logistics,12504186.39,17083.42,16732.9,0,29.3,-2.05,7.0
CLI-0791,Retail,43232950.47,23245.51,22907.4,0,17.9,-1.45,0.0
CLI-0792,Agriculture,27237532.25,38359.9,38607.68,0,12.6,0.65,0.0
CLI-0793,Manufacturing,28550978.82,7174.1,6996.41,0,23.4,-2.48,2.0
CLI-0794,Energy,44467877.11,10624.54,11065.77,0,24.6,4.15,5.0
CLI-0795,Manufacturing,43083988.32,47620.8,46504.98,0,21.5,-2.34,2.0
CLI-0796,Energy,59519079.65,9599.09,9979.04,0,14.1,3.96,0.0
CLI-0797,Agriculture,12061685.92,28818.64,27675.91,0,20.1,-3.97,4.0
CLI-0798,Energy,10726030.72,29386.41,29846.49,0,16.2,1.57,1.0
CLI-0799,Retail,44838634.94,24991.6,26008.72,0,18.5,4.07,1.0
CLI-0800,Retail,36811280.44,32592.52,31512.89,0,22.9,-3.31,2.0
CLI-0801,Retail,20078836.66,12261.51,12835.75,0,24.9,4.68,2.0
CLI-0802,Retail,9368065.29,28080.45,27948.14,0,14.6,-0.47,0.0
CLI-0803,Manufacturing,9711203.73,19236.49,20093.89,0,18.1,4.46,0.0
CLI-0804,Agriculture,54180498.11,33421.7,34012.66,0,15.4,1.77,5.0
CLI-0805,Energy,15552702.86,7919.95,7762.81,0,14.0,-1.98,0.0
CLI-0806,Energy,22785435.92,28972.99,28069.91,0,25.7,-3.12,3.0
CLI-0807,Retail,17466102.12,10078.25,9880.45,0,28.2,-1.96,5.0
CLI-0808,Retail,24524796.82,14653.51,14057.14,0,17.4,-4.07,3.0
CLI-0809,Logistics,8818311.35,11716.78,11299.51,0,25.0,-3.56,1.0
CLI-0810,Agriculture,33548288.5,9959.05,9565.33,0,27.9,-3.95,3.0
CLI-0811,Manufacturing,8718691.0,41459.84,41140.37,0,26.9,-0.77,2.0
CLI-0812,Energy,49019607.93,14999.67,15443.03,0,13.7,2.96,1.0
CLI-0813,Logistics,17854164.51,46429.07,44764.05,0,29.1,-3.59,4.0
CLI-0814,Logistics,34700655.3,48526.4,46732.48,0,17.5,-3.7,0.0
CLI-0815,Energy,53404349.82,28991.76,29407.59,0,16.8,1.43,0.0
CLI-0816,Manufacturing,40798255.3,8007.06,7764.59,0,11.2,-3.03,0.0
CLI-0817,Logistics,34312678.26,19352.86,18574.12,0,19.7,-4.02,1.0
CLI-0818,Logistics,22838356.42,40088.88,38753.31,0,12.2,-3.33,0.0
CLI-0819,Agriculture,23315105.22,19002.15,19807.33,0,15.0,4.24,0.0
CLI-0820,Manufacturing,41821782.54,5263.84,5433.06,0,16.3,3.21,1.0
CLI-0821,Logistics,59677664.87,28282.46,27869.72,0,26.2,-1.46,2.0
CLI-0822,Manufacturing,41401155.44,42410.92,43071.77,0,27.5,1.56,3.0
CLI-0823,Energy,35678087.96,40000.39,40149.49,0,16.0,0.37,2.0
CLI-0824,Retail,45185778.06,9581.03,9750.73,0,27.2,1.77,5.0
CLI-0825,Logistics,30586308.68,33965.47,34585.92,0,27.1,1.83,5.0
CLI-0826,Agriculture,8307828.84,11804.71,18618.87,1,33.0,57.72,98.0
CLI-0827,Energy,35926324.87,11692.17,11153.17,0,12.9,-4.61,0.0
CLI-0828,Manufacturing,57669390.65,43829.52,64575.79,1,37.7,47.33,95.0
CLI-0829,Energy,14641661.83,13233.78,13325.75,0,28.9,0.69,4.0
CLI-0830,Logistics,42950269.0,13899.12,23620.65,1,38.6,69.94,100.0
CLI-0831,Manufacturing,16051352.88,1032.02,997.3,0,16.6,-3.36,5.0
CLI-0832,Retail,34470522.65,43662.78,44500.13,0,20.0,1.92,3.0
CLI-0833,Energy,10317204.73,39837.15,40531.49,0,22.9,1.74,2.0
CLI-0834,Logistics,29770401.49,31739.12,33262.46,0,20.2,4.8,2.0
CLI-0835,Agriculture,46588983.09,37763.02,39596.8,0,12.4,4.86,0.0
CLI-0836,Manufacturing,24116433.83,8450.38,8608.13,0,16.2,1.87,0.0
CLI-0837,Energy,41570144.85,23457.86,22856.44,0,26.0,-2.56,1.0
CLI-0838,Energy,48749747.84,18209.75,18753.41,0,27.2,2.99,6.0
CLI-0839,Retail,55994780.07,5595.05,5375.18,0,12.7,-3.93,0.0
CLI-0840,Retail,17905314.5,24820.39,25517.1,0,29.0,2.81,16.0
CLI-0841,Agriculture,26962375.37,46116.24,80524.38,1,25.4,74.61,83.0
CLI-0842,Agriculture,13382880.73,2962.9,3001.61,0,23.2,1.31,0.0
CLI-0843,Logistics,59586592.62,15281.58,22281.85,1,34.4,45.81,99.0
CLI-0844,Logistics,55985053.24,11169.51,10957.7,0,26.2,-1.9,3.0
CLI-0845,Agriculture,34697642.17,12669.19,13001.29,0,28.9,2.62,5.0
CLI-0846,Agriculture,51311831.19,45513.29,47498.47,0,16.3,4.36,0.0
CLI-0847,Manufacturing,33652688.75,23935.38,24990.33,0,27.2,4.41,6.0
CLI-0848,Retail,39297212.84,23848.67,23073.07,0,12.6,-3.25,1.0
CLI-0849,Logistics,9901843.77,38268.21,39702.29,0,24.1,3.75,4.0
CLI-0850,Retail,46539873.13,8570.12,8773.6,0,24.8,2.37,2.0
CLI-0851,Retail,12024241.6,24876.0,33624.95,1,29.2,35.17,74.0
CLI-0852,Agriculture,50433719.66,22069.28,21557.27,0,15.0,-2.32,0.0
CLI-0853,Manufacturing,48011544.82,30248.62,31495.49,0,27.5,4.12,4.0
CLI-0854,Energy,43980958.38,49978.33,50643.93,0,13.4,1.33,0.0
CLI-0855,Manufacturing,6988820.93,38703.0,39558.55,0,11.1,2.21,0.0
CLI-0856,Manufacturing,21672059.58,20495.42,19997.69,0,24.3,-2.43,6.0
CLI-0857,Retail,19471191.35,41550.1,42461.66,0,19.5,2.19,0.0
CLI-0858,Manufacturing,24807502.41,9364.71,8922.81,0,27.0,-4.72,6.0
CLI-0859,Logistics,9820351.07,2492.72,2461.64,0,17.7,-1.25,5.0
CLI-0860,Retail,56532680.27,11017.97,11157.63,0,13.4,1.27,0.0
CLI-0861,Logistics,35459123.24,17680.17,17054.46,0,26.7,-3.54,5.0
CLI-0862,Energy,21803837.09,26018.46,44070.12,1,28.3,69.38,75.0
CLI-0863,Retail,26833983.44,31141.33,31615.55,0,13.8,1.52,1.0
CLI-0864,Energy,29596139.73,45619.68,45187.19,0,24.4,-0.95,22.0
CLI-0865,Retail,38032688.33,25982.85,26232.4,0,20.2,0.96,5.0
CLI-0866,Agriculture,33362368.52,25562.51,32323.04,1,27.3,26.45,66.0
CLI-0867,Manufacturing,55566558.53,3461.91,3603.7,0,19.2,4.1,1.0
CLI-0868,Agriculture,32332991.56,2710.67,2648.22,0,26.6,-2.3,2.0
CLI-0869,Energy,59568690.82,28006.84,28902.15,0,26.6,3.2,6.0
CLI-0870,Manufacturing,51828372.68,22470.75,23592.83,0,24.2,4.99,8.0
CLI-0871,Retail,16468078.29,42119.84,40904.39,0,12.1,-2.89,0.0
CLI-0872,Manufacturing,56182736.81,8873.3,8664.93,0,26.8,-2.35,11.0
CLI-0873,Logistics,11400151.88,2223.61,2259.82,0,23.4,1.63,8.0
CLI-0874,Manufacturing,49959733.97,23002.9,24073.57,0,23.9,4.65,0.0
CLI-0875,Logistics,25934281.14,12636.45,13161.89,0,17.3,4.16,6.0
CLI-0876,Manufacturing,53288587.62,3431.1,3432.09,0,27.6,0.03,8.0
CLI-0877,Logistics,52743117.96,36505.32,37582.63,0,24.5,2.95,4.0
CLI-0878,Energy,49325897.01,6468.06,6232.46,0,12.3,-3.64,0.0
CLI-0879,Agriculture,48451674.0,30807.66,55036.74,1,32.8,78.65,99.0
CLI-0880,Retail,21757352.65,14771.44,14274.72,0,27.7,-3.36,14.0
CLI-0881,Manufacturing,9450560.57,9501.31,9310.74,0,10.9,-2.01,0.0
CLI-0882,Agriculture,27163909.83,19607.82,18823.81,0,29.2,-4.0,6.0
CLI-0883,Retail,14543848.32,40270.84,39351.53,0,23.6,-2.28,1.0
CLI-0884,Retail,43222309.89,20212.59,20851.22,0,22.6,3.16,1.0
CLI-0885,Logistics,24035484.96,37787.71,37327.89,0,15.4,-1.22,1.0
CLI-0886,Energy,58658561.05,7148.83,6854.58,0,15.0,-4.12,0.0
CLI-0887,Energy,40253464.25,38865.8,38252.6,0,28.8,-1.58,3.0
CLI-0888,Agriculture,50236431.0,12609.73,13216.74,0,16.0,4.81,0.0
CLI-0889,Energy,12288857.0,34192.26,34635.68,0,25.5,1.3,4.0
CLI-0890,Manufacturing,52410796.52,28723.3,28482.49,0,17.9,-0.84,2.0
CLI-0891,Energy,55751645.48,46528.09,44976.56,0,12.8,-3.33,0.0
CLI-0892,Agriculture,31788405.54,19978.8,20950.12,0,10.2,4.86,0.0
CLI-0893,Energy,38343911.58,4242.09,4378.2,0,20.9,3.21,1.0
CLI-0894,Manufacturing,47064539.05,1938.62,1896.26,0,29.5,-2.19,11.0
CLI-0895,Logistics,14616124.5,41516.07,39731.16,0,17.4,-4.3,1.0
CLI-0896,Agriculture,32641134.21,26712.05,25527.71,0,17.1,-4.43,3.0
CLI-0897,Logistics,26926466.53,38986.96,37506.93,0,16.9,-3.8,2.0
CLI-0898,Logistics,13050569.57,12486.85,12587.7,0,20.4,0.81,0.0
CLI-0899,Logistics,25214393.23,17909.1,31470.91,1,28.8,75.73,66.0
CLI-0900,Retail,8749477.02,2475.09,2559.97,0,27.6,3.43,4.0
CLI-0901,Retail,6419654.88,48113.12,47852.76,0,20.1,-0.54,0.0
CLI-0902,Logistics,12434145.9,33725.53,34428.99,0,20.2,2.09,1.0
CLI-0903,Agriculture,57971331.14,46727.05,47810.52,0,12.8,2.32,0.0
CLI-0904,Manufacturing,35224124.47,14009.32,13552.57,0,29.7,-3.26,7.0
CLI-0905,Manufacturing,58120218.86,30961.72,30532.02,0,15.0,-1.39,3.0
CLI-0906,Energy,28787383.31,34246.5,54191.02,1,17.2,58.24,70.0
CLI-0907,Agriculture,22149887.32,16559.94,16330.65,0,23.3,-1.38,0.0
CLI-0908,Retail,32837802.46,42557.35,42705.45,0,21.9,0.35,0.0
CLI-0909,Logistics,29173142.87,47410.91,49763.56,0,18.3,4.96,0.0
CLI-0910,Energy,10811557.63,44357.9,44244.94,0,18.4,-0.25,0.0
CLI-0911,Manufacturing,40245447.31,37214.28,38390.46,0,25.7,3.16,3.0
CLI-0912,Retail,16882100.04,14595.77,14496.62,0,13.9,-0.68,1.0
CLI-0913,Retail,39077337.52,14799.19,15237.82,0,26.4,2.96,7.0
CLI-0914,Logistics,40761060.08,48204.66,48664.6,0,23.0,0.95,3.0
CLI-0915,Manufacturing,13361366.92,1503.94,1562.08,0,18.4,3.87,2.0
CLI-0916,Agriculture,8374229.49,36086.45,35765.07,0,19.2,-0.89,1.0
CLI-0917,Retail,47941887.23,35606.06,35977.45,0,15.1,1.04,1.0
CLI-0918,Logistics,30289023.31,31511.79,31921.5,0,25.0,1.3,11.0
CLI-0919,Agriculture,8199008.75,49515.33,49106.25,0,20.3,-0.83,0.0
CLI-0920,Manufacturing,59717647.44,16282.09,15702.96,0,16.4,-3.56,1.0
CLI-0921,Retail,8177930.85,17658.62,16940.9,0,21.9,-4.06,1.0
CLI-0922,Agriculture,43226937.59,4868.03,5890.33,1,43.7,21.0,99.0
CLI-0923,Agriculture,59102340.89,22697.11,22098.98,0,18.7,-2.64,3.0
CLI-0924,Agriculture,18154905.73,13791.38,13393.51,0,28.4,-2.88,1.0
CLI-0925,Retail,12823715.28,17825.95,29263.46,1,25.1,64.16,72.0
CLI-0926,Retail,11676171.67,41894.02,41919.34,0,11.1,0.06,4.0
CLI-0927,Energy,21680133.12,46838.74,45257.98,0,14.1,-3.37,2.0
CLI-0928,Manufacturing,10557519.61,10100.92,10565.31,0,18.4,4.6,0.0
CLI-0929,Logistics,43068873.79,19252.94,19929.84,0,14.4,3.52,0.0
CLI-0930,Agriculture,8426048.9,46502.9,48194.63,0,10.0,3.64,0.0
CLI-0931,Energy,33018217.05,4028.61,3991.05,0,28.3,-0.93,5.0
CLI-0932,Logistics,59818326.96,5525.67,5670.64,0,26.9,2.62,10.0
CLI-0933,Energy,49768364.82,8976.76,8657.08,0,24.8,-3.56,3.0
CLI-0934,Retail,38837069.1,30165.43,28683.16,0,13.4,-4.91,0.0
CLI-0935,Agriculture,21843949.14,8373.14,7971.21,0,12.4,-4.8,3.0
CLI-0936,Logistics,39314271.0,48435.74,48855.2,0,11.4,0.87,0.0
CLI-0937,Logistics,33987280.52,22889.01,22786.91,0,24.5,-0.45,2.0
CLI-0938,Logistics,28434586.11,25574.38,38638.01,1,33.7,51.08,100.0
CLI-0939,Logistics,12189070.72,13086.27,19022.36,1,30.8,45.36,98.0
CLI-0940,Logistics,53763231.84,24077.05,23939.07,0,12.4,-0.57,2.0
CLI-0941,Energy,29738155.69,33433.77,54809.03,1,27.6,63.93,67.0
CLI-0942,Agriculture,15704238.15,37807.68,38991.6,0,17.0,3.13,0.0
CLI-0943,Retail,25226764.3,37939.54,58922.33,1,24.6,55.31,72.0
CLI-0944,Retail,27777136.39,29316.66,28544.81,0,22.4,-2.63,1.0
CLI-0945,Retail,50514584.26,45313.63,45893.78,0,24.4,1.28,1.0
CLI-0946,Retail,45348790.93,41052.98,42407.48,0,12.2,3.3,0.0
CLI-0947,Energy,47311769.15,38095.36,37773.94,0,10.7,-0.84,0.0
CLI-0948,Manufacturing,5606719.54,3724.67,3634.64,0,29.9,-2.42,24.0
CLI-0949,Agriculture,27888469.9,1337.02,1386.09,0,14.7,3.67,5.0
CLI-0950,Logistics,31473928.34,11409.92,11603.05,0,11.1,1.69,2.0
CLI-0951,Manufacturing,6055575.23,33512.66,33338.68,0,13.8,-0.52,0.0
CLI-0952,Retail,19289726.48,21148.68,21123.09,0,10.8,-0.12,0.0
CLI-0953,Manufacturing,46815940.27,20717.91,20105.19,0,17.8,-2.96,1.0
CLI-0954,Agriculture,12541033.82,44344.76,44907.06,0,26.0,1.27,2.0
CLI-0955,Logistics,34442057.23,44882.58,44248.58,0,16.8,-1.41,1.0
CLI-0956,Logistics,16836102.96,45549.59,47807.23,0,18.9,4.96,0.0
CLI-0957,Agriculture,5666642.61,16380.03,16347.57,0,23.5,-0.2,1.0
CLI-0958,Agriculture,18266080.17,34861.73,34812.52,0,20.2,-0.14,0.0
CLI-0959,Retail,58673056.52,14310.03,22030.45,1,41.4,53.95,97.0
CLI-0960,Logistics,49084541.15,10339.88,10650.92,0,27.3,3.01,3.0
CLI-0961,Manufacturing,57776715.44,10046.99,9997.89,0,10.2,-0.49,0.0
CLI-0962,Energy,31831972.42,17763.27,28975.79,1,36.4,63.12,99.0
CLI-0963,Energy,11035490.93,22067.92,22051.08,0,19.2,-0.08,0.0
CLI-0964,Agriculture,35137771.89,41716.51,40432.96,0,29.8,-3.08,1.0
CLI-0965,Retail,29990753.4,6874.66,6849.87,0,19.7,-0.36,2.0
CLI-0966,Energy,51439639.55,37011.37,36070.61,0,29.7,-2.54,7.0
CLI-0967,Logistics,10394541.94,27041.29,28163.08,0,25.1,4.15,4.0
CLI-0968,Agriculture,31853262.54,15109.32,14860.63,0,15.0,-1.65,0.0
CLI-0969,Manufacturing,13252676.56,25148.16,26285.52,0,20.8,4.52,3.0
CLI-0970,Agriculture,22857175.98,15697.16,23857.06,1,41.2,51.98,98.0
CLI-0971,Manufacturing,45554639.26,30208.02,30337.73,0,27.2,0.43,5.0
CLI-0972,Agriculture,31180997.12,22258.35,21433.41,0,11.9,-3.71,2.0
CLI-0973,Agriculture,25673855.68,9055.87,8943.42,0,24.1,-1.24,13.0
CLI-0974,Agriculture,26696195.32,6712.57,6443.49,0,16.9,-4.01,4.0
CLI-0975,Manufacturing,30269572.26,27788.09,28129.76,0,10.1,1.23,1.0
CLI-0976,Manufacturing,48175909.91,45218.24,44978.01,0,18.1,-0.53,0.0
CLI-0977,Agriculture,54064657.89,17853.93,18350.24,0,14.7,2.78,2.0
CLI-0978,Energy,57543407.76,36917.01,35885.07,0,26.4,-2.8,17.0
CLI-0979,Retail,48279686.24,33274.41,32158.27,0,16.7,-3.35,1.0
CLI-0980,Retail,22347379.27,46646.19,46209.27,0,26.6,-0.94,11.0
CLI-0981,Retail,42847408.83,41228.07,42986.8,0,10.0,4.27,0.0
CLI-0982,Manufacturing,29068171.82,28763.66,29368.91,0,16.2,2.1,1.0
CLI-0983,Manufacturing,19006884.21,33194.49,32925.36,0,14.8,-0.81,0.0
CLI-0984,Energy,51247936.87,45020.94,45098.7,0,14.7,0.17,0.0
CLI-0985,Retail,7113449.19,20576.42,19720.88,0,11.4,-4.16,0.0
CLI-0986,Retail,54596909.57,17012.94,17837.35,0,13.7,4.85,1.0
CLI-0987,Agriculture,30381260.55,1529.74,2447.35,1,29.0,59.98,57.0
CLI-0988,Manufacturing,40046081.22,41501.0,41857.11,0,15.8,0.86,0.0
CLI-0989,Retail,41264465.72,40248.05,50941.53,1,33.0,26.57,98.0
CLI-0990,Energy,54231475.74,6118.27,5919.29,0,17.5,-3.25,7.0
CLI-0991,Energy,40016832.52,29266.01,46498.37,1,35.0,58.88,100.0
CLI-0992,Retail,38766347.16,23735.1,24251.48,0,28.1,2.18,6.0
CLI-0993,Manufacturing,8665862.23,6816.75,11357.34,1,31.6,66.61,96.0
CLI-0994,Energy,33512441.21,49047.84,76941.33,1,30.5,56.87,93.0
CLI-0995,Agriculture,13259295.04,11520.1,11034.67,0,12.1,-4.21,0.0
CLI-0996,Energy,45558857.28,4294.47,6006.03,1,36.6,39.85,100.0
CLI-0997,Logistics,33172205.64,30147.52,31618.76,0,11.2,4.88,1.0
CLI-0998,Logistics,42412527.86,37204.47,36792.95,0,16.0,-1.11,0.0
CLI-0999,Manufacturing,7292009.53,2589.73,2649.97,0,16.0,2.33,1.0
CLI-1000,Retail,9663560.88,33277.16,33891.87,0,16.4,1.85,1.0
